<step title="Incoming Request" date="2026-02-01T17:25:37.443" instance="c01540" url="/api/zipdeploy?isAsync=true" method="POST" type="request" pid="4128,2,8" Cache-Control="no-cache" Content-Length="30960754" Content-Type="application/octet-stream" Accept="*/*" Accept-Encoding="gzip, deflate" Authorization="Bea..." Host="coverlettergen-backend.scm.azurewebsites.net" User-Agent="AZURECLI/2.76.0 (MSI)" x-ms-client-request-id="fdb3a0dd-ff92-11f0-8213-c85b768a574f" X-ARR-LOG-ID="fdb3a0dd-ff92-11f0-8213-c85b768a574f" CLIENT-IP="182.185.152.21:53715" X-SITE-DEPLOYMENT-ID="coverlettergen-backend" WAS-DEFAULT-HOSTNAME="coverlettergen-backend.scm.azurewebsites.net" X-Forwarded-Proto="https" X-AppService-Proto="https" X-Forwarded-TlsVersion="1.3" X-WAWS-Unencoded-URL="/api/zipdeploy?isAsync=true" >
  <step title="ZipPushDeploy" date="2026-02-01T17:25:37.724" >
    <step title="ZipDeploy. Extract zip. Remote build. " date="2026-02-01T17:25:37.755" /><!-- duration: 0ms -->
    <step title="Starting PushDeployAsync" date="2026-02-01T17:25:37.771" /><!-- duration: 16ms -->
    <step title="Updating shutdown sentinel last write time" date="2026-02-01T17:25:37.833" SemaphoreCount="7" /><!-- duration: 16ms -->
    <step title="LockFile &apos;C:\home\site\locks\deployments.lock&apos; acquired" date="2026-02-01T17:25:37.865" /><!-- duration: 0ms -->
    <step title="Saving request content to C:\local\Temp\zipdeploy\dilgd0q1.zip" date="2026-02-01T17:25:37.880" >
      <step title="Total 30,960,754 bytes written to C:\local\Temp\zipdeploy\dilgd0q1.zip" date="2026-02-01T17:25:52.211" /><!-- duration: 16ms -->
    </step><!-- duration: 14362ms -->
    <step title="LockFile &apos;C:\home\site\locks\deployments.lock&apos; released" date="2026-02-01T17:25:52.258" /><!-- duration: 0ms -->
    <step title="Deleting shutdown sentinel file" date="2026-02-01T17:25:52.274" SemaphoreCount="8" /><!-- duration: 16ms -->
    <step title="Starting FetchDeploy" date="2026-02-01T17:25:52.305" /><!-- duration: 0ms -->
    <step title="Start deployment in the background" date="2026-02-01T17:25:52.321" /><!-- duration: 172ms -->
  </step><!-- duration: 14784ms -->
  <step title="Outgoing response" date="2026-02-01T17:25:52.555" type="response" statusCode="202" statusText="Accepted" Server="Microsoft-IIS/10.0" x-ms-request-id="fdb3a0dd-ff92-11f0-8213-c85b768a574f" Retry-After="30" Cache-Control="private" X-AspNet-Version="4.0.30319" Location="https://coverlettergen-backend.scm.azurewebsites.net/api/deployments/latest?deployer=ZipDeploy&amp;time=2026-02-01_17-25-52Z" /><!-- duration: 0ms -->
</step><!-- duration: 15128ms -->
