<step title="BackgroundTrace" date="2026-02-01T15:24:43.961" instance="c01540" url="/api/zipdeploy" method="POST" >
  <step title="Cleanup Xml Logs" date="2026-02-01T15:24:43.976" /><!-- duration: 16ms -->
  <step title="Updating shutdown sentinel last write time" date="2026-02-01T15:24:44.007" SemaphoreCount="7" /><!-- duration: 16ms -->
  <step title="LockFile &apos;C:\home\site\locks\deployments.lock&apos; acquired" date="2026-02-01T15:24:44.023" /><!-- duration: 16ms -->
  <step title="Creating temporary deployment" date="2026-02-01T15:24:44.039" /><!-- duration: 63ms -->
  <step title="Performing fetch based deployment" date="2026-02-01T15:24:44.117" >
    <step title="Fetching changes." date="2026-02-01T15:24:44.211" /><!-- duration: 0ms -->
    <step title="Starting LocalZipHandler" date="2026-02-01T15:24:44.226" /><!-- duration: 0ms -->
    <step title="Cleaning up temp folders from previous zip deployments and extracting pushed zip file C:\local\Temp\zipdeploy\v2i2miiw.zip (29.51 MB) to C:\local\Temp\zipdeploy\extracted" date="2026-02-01T15:24:44.289" /><!-- duration: 0ms -->
    <step title="Cleaning up temp folders from previous zip deployments and extracting pushed zip file C:\local\Temp\zipdeploy\v2i2miiw.zip (29.51 MB) to C:\local\Temp\zipdeploy\extracted" date="2026-02-01T15:24:44.304" >
      <step title="Renaming extractTargetDirectory(C:\local\Temp\zipdeploy\extracted) to tempDirectory(C:\local\Temp\zipdeploy\d1fxrpsx.4np)" date="2026-02-01T15:24:44.304" /><!-- duration: 16ms -->
      <step title="Extracting 172 entries to C:\local\Temp\zipdeploy\extracted directory" date="2026-02-01T15:24:44.336" >
        <step title="Extracting to C:\local\Temp\zipdeploy\extracted\cs\Microsoft.CodeAnalysis.CSharp.resources.dll ..." date="2026-02-01T15:24:44.336" /><!-- duration: 16ms -->
        <step title="Extracting to C:\local\Temp\zipdeploy\extracted\cs\Microsoft.CodeAnalysis.CSharp.Workspaces.resources.dll ..." date="2026-02-01T15:24:44.351" /><!-- duration: 16ms -->
        <step title="Extracting to C:\local\Temp\zipdeploy\extracted\cs\Microsoft.CodeAnalysis.resources.dll ..." date="2026-02-01T15:24:44.382" /><!-- duration: 0ms -->
        <step title="Extracting to C:\local\Temp\zipdeploy\extracted\cs\Microsoft.CodeAnalysis.Workspaces.resources.dll ..." date="2026-02-01T15:24:44.398" /><!-- duration: 16ms -->
        <step title="Extracting to C:\local\Temp\zipdeploy\extracted\de\Microsoft.CodeAnalysis.CSharp.resources.dll ..." date="2026-02-01T15:24:44.414" /><!-- duration: 16ms -->
        <step title="Omitting extracting file traces ..." date="2026-02-01T15:24:44.445" /><!-- duration: 0ms -->
      </step><!-- duration: 1156ms -->
    </step><!-- duration: 1203ms -->
    <step title="Before sending BuildRequestReceived status to /api/updatedeploystatus" date="2026-02-01T15:24:45.523" /><!-- duration: 0ms -->
    <step title="DeploymentManager.Deploy(id:c01a6ca131a943dfa8bd84a926401419)" date="2026-02-01T15:24:45.539" >
      <step title="Collecting changeset information" date="2026-02-01T15:24:45.554" /><!-- duration: 62ms -->
      <step title="Updating submodules" date="2026-02-01T15:24:45.632" >
        <step title="Updating submodules." date="2026-02-01T15:24:45.711" /><!-- duration: 0ms -->
      </step><!-- duration: 94ms -->
      <step title="Preparing deployment for commit id &apos;c01a6ca131&apos;." date="2026-02-01T15:24:45.804" /><!-- duration: 16ms -->
      <step title="Determining deployment builder" date="2026-02-01T15:24:45.883" >
        <step title="UseMSBuild16: True" date="2026-02-01T15:24:45.898" /><!-- duration: 0ms -->
        <step title="Builder is BasicBuilder" date="2026-02-01T15:24:45.930" /><!-- duration: 0ms -->
      </step><!-- duration: 63ms -->
      <step title="Copying SSH keys" date="2026-02-01T15:24:45.977" /><!-- duration: 16ms -->
      <step title="Building" date="2026-02-01T15:24:46.008" >
        <step title="Generating deployment script." date="2026-02-01T15:24:46.086" /><!-- duration: 16ms -->
        <step title="Generating deployment script" date="2026-02-01T15:24:46.102" >
          <step title="Using cached version of the deployment script for command: -y --no-dot-deployment -r &quot;C:\local\Temp\zipdeploy\extracted&quot; -o &quot;C:\home\site\deployments\tools&quot; --basic --sitePath &quot;C:\local\Temp\zipdeploy\extracted&quot;" date="2026-02-01T15:24:46.133" /><!-- duration: 16ms -->
          <step title="Using cached version of deployment script (command: &apos;azure -y --no-dot-deployment -r &quot;C:\local\Temp\zipdeploy\extracted&quot; -o &quot;C:\home\site\deployments\tools&quot; --basic --sitePath &quot;C:\local\Temp\zipdeploy\extracted&quot;&apos;)." date="2026-02-01T15:24:46.165" /><!-- duration: 0ms -->
        </step><!-- duration: 78ms -->
        <step title="Running deployment command..." date="2026-02-01T15:24:46.258" /><!-- duration: 0ms -->
        <step title="Command: &quot;C:\home\site\deployments\tools\deploy.cmd&quot;" date="2026-02-01T15:24:46.290" /><!-- duration: 16ms -->
        <step title="Executing external process" date="2026-02-01T15:24:46.321" type="process" path="starter.cmd" arguments="&quot;C:\home\site\deployments\tools\deploy.cmd&quot;" >
          <step title="Handling Basic Web Site deployment." date="2026-02-01T15:24:46.493" /><!-- duration: 16ms -->
          <step title="Creating app_offline.htm" date="2026-02-01T15:24:47.102" /><!-- duration: 16ms -->
          <step title="KuduSync.NET from: &apos;C:\local\Temp\zipdeploy\extracted&apos; to: &apos;C:\home\site\wwwroot&apos;" date="2026-02-01T15:24:47.134" /><!-- duration: 0ms -->
          <step title="Copying file: &apos;appsettings.Development.json&apos;" date="2026-02-01T15:24:47.149" /><!-- duration: 31ms -->
          <step title="Copying file: &apos;appsettings.json&apos;" date="2026-02-01T15:24:47.196" /><!-- duration: 0ms -->
          <step title="Copying file: &apos;appsettings.Production.json&apos;" date="2026-02-01T15:24:47.212" /><!-- duration: 16ms -->
          <step title="Copying file: &apos;backend.deps.json&apos;" date="2026-02-01T15:24:47.259" /><!-- duration: 0ms -->
          <step title="Copying file: &apos;backend.dll&apos;" date="2026-02-01T15:24:47.274" /><!-- duration: 16ms -->
          <step title="Copying file: &apos;backend.exe&apos;" date="2026-02-01T15:24:47.306" /><!-- duration: 0ms -->
          <step title="Copying file: &apos;backend.pdb&apos;" date="2026-02-01T15:24:47.337" /><!-- duration: 0ms -->
          <step title="Copying file: &apos;backend.runtimeconfig.json&apos;" date="2026-02-01T15:24:47.368" /><!-- duration: 0ms -->
          <step title="Copying file: &apos;backend.staticwebassets.endpoints.json&apos;" date="2026-02-01T15:24:47.384" /><!-- duration: 16ms -->
          <step title="Copying file: &apos;BouncyCastle.Cryptography.dll&apos;" date="2026-02-01T15:24:47.415" /><!-- duration: 16ms -->
          <step title="Copying file: &apos;Humanizer.dll&apos;" date="2026-02-01T15:24:47.446" /><!-- duration: 0ms -->
          <step title="Copying file: &apos;itext.barcodes.dll&apos;" date="2026-02-01T15:24:47.478" /><!-- duration: 0ms -->
          <step title="Copying file: &apos;itext.bouncy-castle-adapter.dll&apos;" date="2026-02-01T15:24:47.509" /><!-- duration: 0ms -->
          <step title="Copying file: &apos;itext.bouncy-castle-connector.dll&apos;" date="2026-02-01T15:24:47.524" /><!-- duration: 16ms -->
          <step title="Copying file: &apos;itext.commons.dll&apos;" date="2026-02-01T15:24:47.556" /><!-- duration: 0ms -->
          <step title="Copying file: &apos;itext.forms.dll&apos;" date="2026-02-01T15:24:47.571" /><!-- duration: 16ms -->
          <step title="Copying file: &apos;itext.io.dll&apos;" date="2026-02-01T15:24:47.603" /><!-- duration: 16ms -->
          <step title="Copying file: &apos;itext.kernel.dll&apos;" date="2026-02-01T15:24:47.634" /><!-- duration: 0ms -->
          <step title="Copying file: &apos;itext.layout.dll&apos;" date="2026-02-01T15:24:47.665" /><!-- duration: 0ms -->
          <step title="Copying file: &apos;itext.pdfa.dll&apos;" date="2026-02-01T15:24:47.681" /><!-- duration: 16ms -->
          <step title="Copying file: &apos;itext.pdfua.dll&apos;" date="2026-02-01T15:24:47.728" /><!-- duration: 16ms -->
          <step title="Copying file: &apos;itext.sign.dll&apos;" date="2026-02-01T15:24:47.759" /><!-- duration: 16ms -->
          <step title="Copying file: &apos;itext.styledxmlparser.dll&apos;" date="2026-02-01T15:24:47.790" /><!-- duration: 16ms -->
          <step title="Copying file: &apos;itext.svg.dll&apos;" date="2026-02-01T15:24:47.821" /><!-- duration: 0ms -->
          <step title="Copying file: &apos;Microsoft.AspNetCore.OpenApi.dll&apos;" date="2026-02-01T15:24:47.837" /><!-- duration: 16ms -->
          <step title="Copying file: &apos;Microsoft.Bcl.AsyncInterfaces.dll&apos;" date="2026-02-01T15:24:47.884" /><!-- duration: 0ms -->
          <step title="Copying file: &apos;Microsoft.CodeAnalysis.CSharp.dll&apos;" date="2026-02-01T15:24:47.900" /><!-- duration: 16ms -->
          <step title="Copying file: &apos;Microsoft.CodeAnalysis.CSharp.Workspaces.dll&apos;" date="2026-02-01T15:24:47.931" /><!-- duration: 0ms -->
          <step title="Copying file: &apos;Microsoft.CodeAnalysis.dll&apos;" date="2026-02-01T15:24:47.946" /><!-- duration: 16ms -->
          <step title="Copying file: &apos;Microsoft.CodeAnalysis.Workspaces.dll&apos;" date="2026-02-01T15:24:47.978" /><!-- duration: 16ms -->
          <step title="Copying file: &apos;Microsoft.Data.Sqlite.dll&apos;" date="2026-02-01T15:24:48.009" /><!-- duration: 0ms -->
          <step title="Copying file: &apos;Microsoft.DotNet.PlatformAbstractions.dll&apos;" date="2026-02-01T15:24:48.025" /><!-- duration: 16ms -->
          <step title="Copying file: &apos;Microsoft.EntityFrameworkCore.Abstractions.dll&apos;" date="2026-02-01T15:24:48.056" /><!-- duration: 0ms -->
          <step title="Copying file: &apos;Microsoft.EntityFrameworkCore.Design.dll&apos;" date="2026-02-01T15:24:48.071" /><!-- duration: 16ms -->
          <step title="Copying file: &apos;Microsoft.EntityFrameworkCore.dll&apos;" date="2026-02-01T15:24:48.103" /><!-- duration: 16ms -->
          <step title="Copying file: &apos;Microsoft.EntityFrameworkCore.Relational.dll&apos;" date="2026-02-01T15:24:48.134" /><!-- duration: 16ms -->
          <step title="Copying file: &apos;Microsoft.EntityFrameworkCore.Sqlite.dll&apos;" date="2026-02-01T15:24:48.165" /><!-- duration: 0ms -->
          <step title="Copying file: &apos;Microsoft.Extensions.DependencyInjection.Abstractions.dll&apos;" date="2026-02-01T15:24:48.181" /><!-- duration: 16ms -->
          <step title="Copying file: &apos;Microsoft.Extensions.DependencyModel.dll&apos;" date="2026-02-01T15:24:48.212" /><!-- duration: 16ms -->
          <step title="Copying file: &apos;Microsoft.Extensions.Logging.Abstractions.dll&apos;" date="2026-02-01T15:24:48.243" /><!-- duration: 0ms -->
          <step title="Copying file: &apos;Microsoft.OpenApi.dll&apos;" date="2026-02-01T15:24:48.275" /><!-- duration: 0ms -->
          <step title="Copying file: &apos;Mono.TextTemplating.dll&apos;" date="2026-02-01T15:24:48.290" /><!-- duration: 16ms -->
          <step title="Copying file: &apos;Newtonsoft.Json.dll&apos;" date="2026-02-01T15:24:48.321" /><!-- duration: 0ms -->
          <step title="Copying file: &apos;OpenAI.dll&apos;" date="2026-02-01T15:24:48.337" /><!-- duration: 16ms -->
          <step title="Copying file: &apos;SendGrid.dll&apos;" date="2026-02-01T15:24:48.368" /><!-- duration: 16ms -->
          <step title="Copying file: &apos;Serilog.AspNetCore.dll&apos;" date="2026-02-01T15:24:48.400" /><!-- duration: 0ms -->
          <step title="Copying file: &apos;Serilog.dll&apos;" date="2026-02-01T15:24:48.415" /><!-- duration: 16ms -->
          <step title="Copying file: &apos;Serilog.Extensions.Hosting.dll&apos;" date="2026-02-01T15:24:48.446" /><!-- duration: 0ms -->
          <step title="Omitting next output lines..." date="2026-02-01T15:24:48.478" /><!-- duration: 0ms -->
          <step title="Finished successfully." date="2026-02-01T15:24:48.806" /><!-- duration: 0ms -->
        </step><!-- duration: 2501ms -->
        <step title="Running post deployment command(s)..." date="2026-02-01T15:24:48.900" /><!-- duration: 16ms -->
        <step title="Triggering recycle (preview mode disabled)." date="2026-02-01T15:24:48.993" /><!-- duration: 16ms -->
        <step title="Ignoring FS watcher based recycle request as this is a classic Windows app." date="2026-02-01T15:24:49.009" /><!-- duration: 16ms -->
        <step title="Deployment successful. DEPLOYMENTINFO: deploymentPath = ZipDeploy. Extract zip. Remote build. , deployer = ZipDeploy, os = windows, sku = Free, siteName = coverlettergen-backend, siteHostName = coverlettergen-backend.azurewebsites.net, deploymentStatus = Success" date="2026-02-01T15:24:49.103" /><!-- duration: 16ms -->
      </step><!-- duration: 3282ms -->
    </step><!-- duration: 3767ms -->
    <step title="Cleaning up temp files" date="2026-02-01T15:24:49.321" /><!-- duration: 0ms -->
    <step title="Skip function trigger and logicapp sync because function is not enabled." date="2026-02-01T15:24:49.337" /><!-- duration: 16ms -->
  </step><!-- duration: 5298ms -->
  <step title="LockFile &apos;C:\home\site\locks\deployments.lock&apos; released" date="2026-02-01T15:24:49.431" /><!-- duration: 16ms -->
  <step title="Deleting shutdown sentinel file" date="2026-02-01T15:24:49.462" SemaphoreCount="8" /><!-- duration: 0ms -->
</step><!-- duration: 5517ms -->
