<step title="BackgroundTrace" date="2026-02-01T17:32:05.746" instance="c01540" url="/api/zipdeploy" method="POST" >
  <step title="Cleanup Xml Logs" date="2026-02-01T17:32:05.746" /><!-- duration: 16ms -->
  <step title="Updating shutdown sentinel last write time" date="2026-02-01T17:32:05.778" SemaphoreCount="7" /><!-- duration: 16ms -->
  <step title="LockFile &apos;C:\home\site\locks\deployments.lock&apos; acquired" date="2026-02-01T17:32:05.794" /><!-- duration: 16ms -->
  <step title="Creating temporary deployment" date="2026-02-01T17:32:05.809" /><!-- duration: 47ms -->
  <step title="Performing fetch based deployment" date="2026-02-01T17:32:05.872" >
    <step title="Fetching changes." date="2026-02-01T17:32:05.950" /><!-- duration: 16ms -->
    <step title="Starting LocalZipHandler" date="2026-02-01T17:32:05.981" /><!-- duration: 0ms -->
    <step title="Cleaning up temp folders from previous zip deployments and extracting pushed zip file C:\local\Temp\zipdeploy\tg5xa51g.zip (29.55 MB) to C:\local\Temp\zipdeploy\extracted" date="2026-02-01T17:32:06.044" /><!-- duration: 16ms -->
    <step title="Cleaning up temp folders from previous zip deployments and extracting pushed zip file C:\local\Temp\zipdeploy\tg5xa51g.zip (29.55 MB) to C:\local\Temp\zipdeploy\extracted" date="2026-02-01T17:32:06.059" >
      <step title="Renaming extractTargetDirectory(C:\local\Temp\zipdeploy\extracted) to tempDirectory(C:\local\Temp\zipdeploy\l41bp5zt.hwy)" date="2026-02-01T17:32:06.075" /><!-- duration: 0ms -->
      <step title="Extracting 186 entries to C:\local\Temp\zipdeploy\extracted directory" date="2026-02-01T17:32:06.090" >
        <step title="Extracting to C:\local\Temp\zipdeploy\extracted\cs\Microsoft.CodeAnalysis.CSharp.resources.dll ..." date="2026-02-01T17:32:06.106" /><!-- duration: 16ms -->
        <step title="Extracting to C:\local\Temp\zipdeploy\extracted\cs\Microsoft.CodeAnalysis.CSharp.Workspaces.resources.dll ..." date="2026-02-01T17:32:06.122" /><!-- duration: 16ms -->
        <step title="Extracting to C:\local\Temp\zipdeploy\extracted\cs\Microsoft.CodeAnalysis.resources.dll ..." date="2026-02-01T17:32:06.137" /><!-- duration: 16ms -->
        <step title="Extracting to C:\local\Temp\zipdeploy\extracted\cs\Microsoft.CodeAnalysis.Workspaces.resources.dll ..." date="2026-02-01T17:32:06.153" /><!-- duration: 16ms -->
        <step title="Extracting to C:\local\Temp\zipdeploy\extracted\de\Microsoft.CodeAnalysis.CSharp.resources.dll ..." date="2026-02-01T17:32:06.169" /><!-- duration: 16ms -->
        <step title="Omitting extracting file traces ..." date="2026-02-01T17:32:06.200" /><!-- duration: 16ms -->
      </step><!-- duration: 1172ms -->
    </step><!-- duration: 1219ms -->
    <step title="Before sending BuildRequestReceived status to /api/updatedeploystatus" date="2026-02-01T17:32:07.294" /><!-- duration: 0ms -->
    <step title="DeploymentManager.Deploy(id:bd4badefcb2a487984ccfaa1b908ebcc)" date="2026-02-01T17:32:07.309" >
      <step title="Collecting changeset information" date="2026-02-01T17:32:07.325" /><!-- duration: 63ms -->
      <step title="Updating submodules" date="2026-02-01T17:32:07.403" >
        <step title="Updating submodules." date="2026-02-01T17:32:07.465" /><!-- duration: 0ms -->
      </step><!-- duration: 78ms -->
      <step title="Preparing deployment for commit id &apos;bd4badefcb&apos;." date="2026-02-01T17:32:07.544" /><!-- duration: 16ms -->
      <step title="Determining deployment builder" date="2026-02-01T17:32:07.606" >
        <step title="UseMSBuild16: True" date="2026-02-01T17:32:07.622" /><!-- duration: 0ms -->
        <step title="Builder is BasicBuilder" date="2026-02-01T17:32:07.653" /><!-- duration: 0ms -->
      </step><!-- duration: 63ms -->
      <step title="Copying SSH keys" date="2026-02-01T17:32:07.700" /><!-- duration: 16ms -->
      <step title="Building" date="2026-02-01T17:32:07.715" >
        <step title="Generating deployment script." date="2026-02-01T17:32:07.794" /><!-- duration: 0ms -->
        <step title="Generating deployment script" date="2026-02-01T17:32:07.809" >
          <step title="Using cached version of the deployment script for command: -y --no-dot-deployment -r &quot;C:\local\Temp\zipdeploy\extracted&quot; -o &quot;C:\home\site\deployments\tools&quot; --basic --sitePath &quot;C:\local\Temp\zipdeploy\extracted&quot;" date="2026-02-01T17:32:07.825" /><!-- duration: 16ms -->
          <step title="Using cached version of deployment script (command: &apos;azure -y --no-dot-deployment -r &quot;C:\local\Temp\zipdeploy\extracted&quot; -o &quot;C:\home\site\deployments\tools&quot; --basic --sitePath &quot;C:\local\Temp\zipdeploy\extracted&quot;&apos;)." date="2026-02-01T17:32:07.856" /><!-- duration: 16ms -->
        </step><!-- duration: 63ms -->
        <step title="Running deployment command..." date="2026-02-01T17:32:07.950" /><!-- duration: 0ms -->
        <step title="Command: &quot;C:\home\site\deployments\tools\deploy.cmd&quot;" date="2026-02-01T17:32:07.997" /><!-- duration: 0ms -->
        <step title="Executing external process" date="2026-02-01T17:32:08.012" type="process" path="starter.cmd" arguments="&quot;C:\home\site\deployments\tools\deploy.cmd&quot;" >
          <step title="Handling Basic Web Site deployment." date="2026-02-01T17:32:08.169" /><!-- duration: 16ms -->
          <step title="Creating app_offline.htm" date="2026-02-01T17:32:10.528" /><!-- duration: 16ms -->
          <step title="KuduSync.NET from: &apos;C:\local\Temp\zipdeploy\extracted&apos; to: &apos;C:\home\site\wwwroot&apos;" date="2026-02-01T17:32:10.559" /><!-- duration: 0ms -->
          <step title="Copying file: &apos;backend.dll&apos;" date="2026-02-01T17:32:10.575" /><!-- duration: 16ms -->
          <step title="Copying file: &apos;backend.exe&apos;" date="2026-02-01T17:32:10.606" /><!-- duration: 16ms -->
          <step title="Copying file: &apos;backend.pdb&apos;" date="2026-02-01T17:32:10.637" /><!-- duration: 0ms -->
          <step title="Copying file: &apos;publish\appsettings.Development.json&apos;" date="2026-02-01T17:32:10.653" /><!-- duration: 16ms -->
          <step title="Copying file: &apos;publish\appsettings.json&apos;" date="2026-02-01T17:32:10.684" /><!-- duration: 16ms -->
          <step title="Copying file: &apos;publish\appsettings.Production.json&apos;" date="2026-02-01T17:32:10.716" /><!-- duration: 0ms -->
          <step title="Copying file: &apos;publish\backend.deps.json&apos;" date="2026-02-01T17:32:10.747" /><!-- duration: 0ms -->
          <step title="Copying file: &apos;publish\publish\publish\appsettings.Development.json&apos;" date="2026-02-01T17:32:10.762" /><!-- duration: 16ms -->
          <step title="Copying file: &apos;publish\publish\publish\appsettings.json&apos;" date="2026-02-01T17:32:10.794" /><!-- duration: 15ms -->
          <step title="Copying file: &apos;publish\publish\publish\appsettings.Production.json&apos;" date="2026-02-01T17:32:10.825" /><!-- duration: 0ms -->
          <step title="Copying file: &apos;publish\publish\publish\backend.deps.json&apos;" date="2026-02-01T17:32:10.841" /><!-- duration: 16ms -->
          <step title="Copying file: &apos;publish\publish\publish\backend.runtimeconfig.json&apos;" date="2026-02-01T17:32:10.872" /><!-- duration: 16ms -->
          <step title="Copying file: &apos;publish\publish\publish\backend.staticwebassets.endpoints.json&apos;" date="2026-02-01T17:32:10.903" /><!-- duration: 0ms -->
          <step title="Copying file: &apos;publish\publish\publish\web.config&apos;" date="2026-02-01T17:32:10.919" /><!-- duration: 16ms -->
          <step title="Deleting app_offline.htm" date="2026-02-01T17:32:10.950" /><!-- duration: 16ms -->
          <step title="Finished successfully." date="2026-02-01T17:32:10.981" /><!-- duration: 0ms -->
        </step><!-- duration: 2984ms -->
        <step title="Running post deployment command(s)..." date="2026-02-01T17:32:11.075" /><!-- duration: 16ms -->
        <step title="Triggering recycle (preview mode disabled)." date="2026-02-01T17:32:11.169" /><!-- duration: 0ms -->
        <step title="Ignoring FS watcher based recycle request as this is a classic Windows app." date="2026-02-01T17:32:11.185" /><!-- duration: 0ms -->
        <step title="Deployment successful. DEPLOYMENTINFO: deploymentPath = ZipDeploy. Extract zip. Remote build. , deployer = ZipDeploy, os = windows, sku = Free, siteName = coverlettergen-backend, siteHostName = coverlettergen-backend.azurewebsites.net, deploymentStatus = Success" date="2026-02-01T17:32:11.278" /><!-- duration: 0ms -->
      </step><!-- duration: 3750ms -->
    </step><!-- duration: 4173ms -->
    <step title="Cleaning up temp files" date="2026-02-01T17:32:11.482" /><!-- duration: 16ms -->
    <step title="Skip function trigger and logicapp sync because function is not enabled." date="2026-02-01T17:32:11.514" /><!-- duration: 0ms -->
  </step><!-- duration: 5704ms -->
  <step title="LockFile &apos;C:\home\site\locks\deployments.lock&apos; released" date="2026-02-01T17:32:11.592" /><!-- duration: 16ms -->
  <step title="Deleting shutdown sentinel file" date="2026-02-01T17:32:11.623" SemaphoreCount="8" /><!-- duration: 0ms -->
</step><!-- duration: 5892ms -->
