<step title="BackgroundTrace" date="2026-02-01T17:49:55.332" instance="c01540" url="/api/zipdeploy" method="POST" >
  <step title="Cleanup Xml Logs" date="2026-02-01T17:49:55.348" /><!-- duration: 16ms -->
  <step title="Updating shutdown sentinel last write time" date="2026-02-01T17:49:55.395" SemaphoreCount="7" /><!-- duration: 0ms -->
  <step title="LockFile &apos;C:\home\site\locks\deployments.lock&apos; acquired" date="2026-02-01T17:49:55.410" /><!-- duration: 0ms -->
  <step title="Creating temporary deployment" date="2026-02-01T17:49:55.426" /><!-- duration: 78ms -->
  <step title="Performing fetch based deployment" date="2026-02-01T17:49:55.520" >
    <step title="Fetching changes." date="2026-02-01T17:49:55.629" /><!-- duration: 0ms -->
    <step title="Starting LocalZipHandler" date="2026-02-01T17:49:55.660" /><!-- duration: 16ms -->
    <step title="Cleaning up temp folders from previous zip deployments and extracting pushed zip file C:\local\Temp\zipdeploy\3leyg0uc.zip (29.57 MB) to C:\local\Temp\zipdeploy\extracted" date="2026-02-01T17:49:55.739" /><!-- duration: 0ms -->
    <step title="Cleaning up temp folders from previous zip deployments and extracting pushed zip file C:\local\Temp\zipdeploy\3leyg0uc.zip (29.57 MB) to C:\local\Temp\zipdeploy\extracted" date="2026-02-01T17:49:55.754" >
      <step title="Renaming extractTargetDirectory(C:\local\Temp\zipdeploy\extracted) to tempDirectory(C:\local\Temp\zipdeploy\xqjhomoy.t3c)" date="2026-02-01T17:49:55.754" /><!-- duration: 16ms -->
      <step title="Extracting 193 entries to C:\local\Temp\zipdeploy\extracted directory" date="2026-02-01T17:49:55.785" >
        <step title="Extracting to C:\local\Temp\zipdeploy\extracted\cs\Microsoft.CodeAnalysis.CSharp.resources.dll ..." date="2026-02-01T17:49:55.801" /><!-- duration: 31ms -->
        <step title="Extracting to C:\local\Temp\zipdeploy\extracted\cs\Microsoft.CodeAnalysis.CSharp.Workspaces.resources.dll ..." date="2026-02-01T17:49:55.832" /><!-- duration: 16ms -->
        <step title="Extracting to C:\local\Temp\zipdeploy\extracted\cs\Microsoft.CodeAnalysis.resources.dll ..." date="2026-02-01T17:49:55.848" /><!-- duration: 16ms -->
        <step title="Extracting to C:\local\Temp\zipdeploy\extracted\cs\Microsoft.CodeAnalysis.Workspaces.resources.dll ..." date="2026-02-01T17:49:55.864" /><!-- duration: 16ms -->
        <step title="Extracting to C:\local\Temp\zipdeploy\extracted\de\Microsoft.CodeAnalysis.CSharp.resources.dll ..." date="2026-02-01T17:49:55.895" /><!-- duration: 16ms -->
        <step title="Omitting extracting file traces ..." date="2026-02-01T17:49:55.910" /><!-- duration: 16ms -->
      </step><!-- duration: 1234ms -->
    </step><!-- duration: 1281ms -->
    <step title="Before sending BuildRequestReceived status to /api/updatedeploystatus" date="2026-02-01T17:49:57.051" /><!-- duration: 0ms -->
    <step title="DeploymentManager.Deploy(id:556d5238a86d4e3f9bd5cd6dc9379fab)" date="2026-02-01T17:49:57.067" >
      <step title="Collecting changeset information" date="2026-02-01T17:49:57.082" /><!-- duration: 63ms -->
      <step title="Updating submodules" date="2026-02-01T17:49:57.160" >
        <step title="Updating submodules." date="2026-02-01T17:49:57.223" /><!-- duration: 16ms -->
      </step><!-- duration: 94ms -->
      <step title="Preparing deployment for commit id &apos;556d5238a8&apos;." date="2026-02-01T17:49:57.332" /><!-- duration: 0ms -->
      <step title="Determining deployment builder" date="2026-02-01T17:49:57.395" >
        <step title="UseMSBuild16: True" date="2026-02-01T17:49:57.410" /><!-- duration: 16ms -->
        <step title="Builder is BasicBuilder" date="2026-02-01T17:49:57.457" /><!-- duration: 16ms -->
      </step><!-- duration: 78ms -->
      <step title="Copying SSH keys" date="2026-02-01T17:49:57.520" /><!-- duration: 16ms -->
      <step title="Building" date="2026-02-01T17:49:57.551" >
        <step title="Generating deployment script." date="2026-02-01T17:49:57.614" /><!-- duration: 16ms -->
        <step title="Generating deployment script" date="2026-02-01T17:49:57.629" >
          <step title="Using cached version of the deployment script for command: -y --no-dot-deployment -r &quot;C:\local\Temp\zipdeploy\extracted&quot; -o &quot;C:\home\site\deployments\tools&quot; --basic --sitePath &quot;C:\local\Temp\zipdeploy\extracted&quot;" date="2026-02-01T17:49:57.692" /><!-- duration: 16ms -->
          <step title="Using cached version of deployment script (command: &apos;azure -y --no-dot-deployment -r &quot;C:\local\Temp\zipdeploy\extracted&quot; -o &quot;C:\home\site\deployments\tools&quot; --basic --sitePath &quot;C:\local\Temp\zipdeploy\extracted&quot;&apos;)." date="2026-02-01T17:49:57.723" /><!-- duration: 16ms -->
        </step><!-- duration: 109ms -->
        <step title="Running deployment command..." date="2026-02-01T17:49:57.817" /><!-- duration: 16ms -->
        <step title="Command: &quot;C:\home\site\deployments\tools\deploy.cmd&quot;" date="2026-02-01T17:49:57.864" /><!-- duration: 0ms -->
        <step title="Executing external process" date="2026-02-01T17:49:57.895" type="process" path="starter.cmd" arguments="&quot;C:\home\site\deployments\tools\deploy.cmd&quot;" >
          <step title="Handling Basic Web Site deployment." date="2026-02-01T17:49:58.067" /><!-- duration: 0ms -->
          <step title="Creating app_offline.htm" date="2026-02-01T17:50:00.683" /><!-- duration: 0ms -->
          <step title="KuduSync.NET from: &apos;C:\local\Temp\zipdeploy\extracted&apos; to: &apos;C:\home\site\wwwroot&apos;" date="2026-02-01T17:50:00.699" /><!-- duration: 16ms -->
          <step title="Copying file: &apos;backend.dll&apos;" date="2026-02-01T17:50:00.730" /><!-- duration: 0ms -->
          <step title="Copying file: &apos;backend.exe&apos;" date="2026-02-01T17:50:00.761" /><!-- duration: 16ms -->
          <step title="Copying file: &apos;backend.pdb&apos;" date="2026-02-01T17:50:00.793" /><!-- duration: 0ms -->
          <step title="Copying file: &apos;publish\publish\appsettings.Development.json&apos;" date="2026-02-01T17:50:00.808" /><!-- duration: 16ms -->
          <step title="Copying file: &apos;publish\publish\appsettings.json&apos;" date="2026-02-01T17:50:00.840" /><!-- duration: 16ms -->
          <step title="Copying file: &apos;publish\publish\appsettings.Production.json&apos;" date="2026-02-01T17:50:00.871" /><!-- duration: 0ms -->
          <step title="Copying file: &apos;publish\publish\backend.deps.json&apos;" date="2026-02-01T17:50:00.887" /><!-- duration: 16ms -->
          <step title="Copying file: &apos;publish\publish\publish\publish\appsettings.Development.json&apos;" date="2026-02-01T17:50:00.918" /><!-- duration: 0ms -->
          <step title="Copying file: &apos;publish\publish\publish\publish\appsettings.json&apos;" date="2026-02-01T17:50:00.933" /><!-- duration: 16ms -->
          <step title="Copying file: &apos;publish\publish\publish\publish\appsettings.Production.json&apos;" date="2026-02-01T17:50:00.965" /><!-- duration: 16ms -->
          <step title="Copying file: &apos;publish\publish\publish\publish\backend.deps.json&apos;" date="2026-02-01T17:50:00.996" /><!-- duration: 0ms -->
          <step title="Copying file: &apos;publish\publish\publish\publish\backend.runtimeconfig.json&apos;" date="2026-02-01T17:50:01.011" /><!-- duration: 16ms -->
          <step title="Copying file: &apos;publish\publish\publish\publish\backend.staticwebassets.endpoints.json&apos;" date="2026-02-01T17:50:01.043" /><!-- duration: 16ms -->
          <step title="Copying file: &apos;publish\publish\publish\publish\web.config&apos;" date="2026-02-01T17:50:01.074" /><!-- duration: 0ms -->
          <step title="Deleting app_offline.htm" date="2026-02-01T17:50:01.121" /><!-- duration: 0ms -->
          <step title="Finished successfully." date="2026-02-01T17:50:01.137" /><!-- duration: 16ms -->
        </step><!-- duration: 3273ms -->
        <step title="Running post deployment command(s)..." date="2026-02-01T17:50:01.246" /><!-- duration: 16ms -->
        <step title="Triggering recycle (preview mode disabled)." date="2026-02-01T17:50:01.324" /><!-- duration: 16ms -->
        <step title="Ignoring FS watcher based recycle request as this is a classic Windows app." date="2026-02-01T17:50:01.340" /><!-- duration: 16ms -->
        <step title="Deployment successful. DEPLOYMENTINFO: deploymentPath = ZipDeploy. Extract zip. Remote build. , deployer = ZipDeploy, os = windows, sku = Free, siteName = coverlettergen-backend, siteHostName = coverlettergen-backend.azurewebsites.net, deploymentStatus = Success" date="2026-02-01T17:50:01.434" /><!-- duration: 0ms -->
      </step><!-- duration: 4320ms -->
    </step><!-- duration: 4820ms -->
    <step title="Cleaning up temp files" date="2026-02-01T17:50:01.902" /><!-- duration: 16ms -->
    <step title="Skip function trigger and logicapp sync because function is not enabled." date="2026-02-01T17:50:01.949" /><!-- duration: 0ms -->
  </step><!-- duration: 6476ms -->
  <step title="LockFile &apos;C:\home\site\locks\deployments.lock&apos; released" date="2026-02-01T17:50:02.012" /><!-- duration: 0ms -->
  <step title="Deleting shutdown sentinel file" date="2026-02-01T17:50:02.043" SemaphoreCount="8" /><!-- duration: 0ms -->
</step><!-- duration: 6726ms -->
