<step title="BackgroundTrace" date="2026-02-01T18:10:13.369" instance="c01540" url="/api/zipdeploy" method="POST" >
  <step title="Cleanup Xml Logs" date="2026-02-01T18:10:13.384" /><!-- duration: 16ms -->
  <step title="Updating shutdown sentinel last write time" date="2026-02-01T18:10:13.431" SemaphoreCount="7" /><!-- duration: 0ms -->
  <step title="LockFile &apos;C:\home\site\locks\deployments.lock&apos; acquired" date="2026-02-01T18:10:13.447" /><!-- duration: 0ms -->
  <step title="Creating temporary deployment" date="2026-02-01T18:10:13.463" /><!-- duration: 47ms -->
  <step title="Performing fetch based deployment" date="2026-02-01T18:10:13.509" >
    <step title="Fetching changes." date="2026-02-01T18:10:13.603" /><!-- duration: 16ms -->
    <step title="Starting LocalZipHandler" date="2026-02-01T18:10:13.619" /><!-- duration: 16ms -->
    <step title="Cleaning up temp folders from previous zip deployments and extracting pushed zip file C:\local\Temp\zipdeploy\lmzx4s4t.zip (29.61 MB) to C:\local\Temp\zipdeploy\extracted" date="2026-02-01T18:10:13.681" /><!-- duration: 16ms -->
    <step title="Cleaning up temp folders from previous zip deployments and extracting pushed zip file C:\local\Temp\zipdeploy\lmzx4s4t.zip (29.61 MB) to C:\local\Temp\zipdeploy\extracted" date="2026-02-01T18:10:13.697" >
      <step title="Renaming extractTargetDirectory(C:\local\Temp\zipdeploy\extracted) to tempDirectory(C:\local\Temp\zipdeploy\s0cqf3qt.jjj)" date="2026-02-01T18:10:13.713" /><!-- duration: 16ms -->
      <step title="Extracting 207 entries to C:\local\Temp\zipdeploy\extracted directory" date="2026-02-01T18:10:13.728" >
        <step title="Extracting to C:\local\Temp\zipdeploy\extracted\cs\Microsoft.CodeAnalysis.CSharp.resources.dll ..." date="2026-02-01T18:10:13.744" /><!-- duration: 16ms -->
        <step title="Extracting to C:\local\Temp\zipdeploy\extracted\cs\Microsoft.CodeAnalysis.CSharp.Workspaces.resources.dll ..." date="2026-02-01T18:10:13.759" /><!-- duration: 16ms -->
        <step title="Extracting to C:\local\Temp\zipdeploy\extracted\cs\Microsoft.CodeAnalysis.resources.dll ..." date="2026-02-01T18:10:13.775" /><!-- duration: 16ms -->
        <step title="Extracting to C:\local\Temp\zipdeploy\extracted\cs\Microsoft.CodeAnalysis.Workspaces.resources.dll ..." date="2026-02-01T18:10:13.806" /><!-- duration: 0ms -->
        <step title="Extracting to C:\local\Temp\zipdeploy\extracted\de\Microsoft.CodeAnalysis.CSharp.resources.dll ..." date="2026-02-01T18:10:13.822" /><!-- duration: 16ms -->
        <step title="Omitting extracting file traces ..." date="2026-02-01T18:10:13.838" /><!-- duration: 16ms -->
      </step><!-- duration: 1203ms -->
    </step><!-- duration: 1250ms -->
    <step title="Before sending BuildRequestReceived status to /api/updatedeploystatus" date="2026-02-01T18:10:14.963" /><!-- duration: 0ms -->
    <step title="DeploymentManager.Deploy(id:22102cfc0d9642c591f5be806aa52dc8)" date="2026-02-01T18:10:14.978" >
      <step title="Collecting changeset information" date="2026-02-01T18:10:14.994" /><!-- duration: 62ms -->
      <step title="Updating submodules" date="2026-02-01T18:10:15.056" >
        <step title="Updating submodules." date="2026-02-01T18:10:15.135" /><!-- duration: 0ms -->
      </step><!-- duration: 94ms -->
      <step title="Preparing deployment for commit id &apos;22102cfc0d&apos;." date="2026-02-01T18:10:15.228" /><!-- duration: 0ms -->
      <step title="Determining deployment builder" date="2026-02-01T18:10:15.291" >
        <step title="UseMSBuild16: True" date="2026-02-01T18:10:15.306" /><!-- duration: 0ms -->
        <step title="Builder is BasicBuilder" date="2026-02-01T18:10:15.322" /><!-- duration: 16ms -->
      </step><!-- duration: 63ms -->
      <step title="Copying SSH keys" date="2026-02-01T18:10:15.384" /><!-- duration: 16ms -->
      <step title="Building" date="2026-02-01T18:10:15.400" >
        <step title="Generating deployment script." date="2026-02-01T18:10:15.478" /><!-- duration: 16ms -->
        <step title="Generating deployment script" date="2026-02-01T18:10:15.494" >
          <step title="Using cached version of the deployment script for command: -y --no-dot-deployment -r &quot;C:\local\Temp\zipdeploy\extracted&quot; -o &quot;C:\home\site\deployments\tools&quot; --basic --sitePath &quot;C:\local\Temp\zipdeploy\extracted&quot;" date="2026-02-01T18:10:15.525" /><!-- duration: 16ms -->
          <step title="Using cached version of deployment script (command: &apos;azure -y --no-dot-deployment -r &quot;C:\local\Temp\zipdeploy\extracted&quot; -o &quot;C:\home\site\deployments\tools&quot; --basic --sitePath &quot;C:\local\Temp\zipdeploy\extracted&quot;&apos;)." date="2026-02-01T18:10:15.556" /><!-- duration: 0ms -->
        </step><!-- duration: 78ms -->
        <step title="Running deployment command..." date="2026-02-01T18:10:15.650" /><!-- duration: 0ms -->
        <step title="Command: &quot;C:\home\site\deployments\tools\deploy.cmd&quot;" date="2026-02-01T18:10:15.681" /><!-- duration: 31ms -->
        <step title="Executing external process" date="2026-02-01T18:10:15.744" type="process" path="starter.cmd" arguments="&quot;C:\home\site\deployments\tools\deploy.cmd&quot;" >
          <step title="Handling Basic Web Site deployment." date="2026-02-01T18:10:15.900" /><!-- duration: 16ms -->
          <step title="Creating app_offline.htm" date="2026-02-01T18:10:16.353" /><!-- duration: 16ms -->
          <step title="KuduSync.NET from: &apos;C:\local\Temp\zipdeploy\extracted&apos; to: &apos;C:\home\site\wwwroot&apos;" date="2026-02-01T18:10:16.384" /><!-- duration: 16ms -->
          <step title="Copying file: &apos;backend.dll&apos;" date="2026-02-01T18:10:16.416" /><!-- duration: 0ms -->
          <step title="Copying file: &apos;backend.exe&apos;" date="2026-02-01T18:10:16.431" /><!-- duration: 16ms -->
          <step title="Copying file: &apos;backend.pdb&apos;" date="2026-02-01T18:10:16.463" /><!-- duration: 0ms -->
          <step title="Copying file: &apos;publish\publish\publish\publish\appsettings.Development.json&apos;" date="2026-02-01T18:10:16.478" /><!-- duration: 16ms -->
          <step title="Copying file: &apos;publish\publish\publish\publish\appsettings.json&apos;" date="2026-02-01T18:10:16.509" /><!-- duration: 0ms -->
          <step title="Copying file: &apos;publish\publish\publish\publish\appsettings.Production.json&apos;" date="2026-02-01T18:10:16.525" /><!-- duration: 16ms -->
          <step title="Copying file: &apos;publish\publish\publish\publish\backend.deps.json&apos;" date="2026-02-01T18:10:16.556" /><!-- duration: 0ms -->
          <step title="Copying file: &apos;publish\publish\publish\publish\publish\publish\appsettings.Development.json&apos;" date="2026-02-01T18:10:16.572" /><!-- duration: 16ms -->
          <step title="Copying file: &apos;publish\publish\publish\publish\publish\publish\appsettings.json&apos;" date="2026-02-01T18:10:16.603" /><!-- duration: 0ms -->
          <step title="Copying file: &apos;publish\publish\publish\publish\publish\publish\appsettings.Production.json&apos;" date="2026-02-01T18:10:16.634" /><!-- duration: 0ms -->
          <step title="Copying file: &apos;publish\publish\publish\publish\publish\publish\backend.deps.json&apos;" date="2026-02-01T18:10:16.650" /><!-- duration: 16ms -->
          <step title="Copying file: &apos;publish\publish\publish\publish\publish\publish\backend.runtimeconfig.json&apos;" date="2026-02-01T18:10:16.681" /><!-- duration: 0ms -->
          <step title="Copying file: &apos;publish\publish\publish\publish\publish\publish\backend.staticwebassets.endpoints.json&apos;" date="2026-02-01T18:10:18.510" /><!-- duration: 16ms -->
          <step title="Copying file: &apos;publish\publish\publish\publish\publish\publish\web.config&apos;" date="2026-02-01T18:10:18.541" /><!-- duration: 16ms -->
          <step title="Deleting app_offline.htm" date="2026-02-01T18:10:18.572" /><!-- duration: 0ms -->
          <step title="Finished successfully." date="2026-02-01T18:10:18.588" /><!-- duration: 16ms -->
        </step><!-- duration: 2875ms -->
        <step title="Running post deployment command(s)..." date="2026-02-01T18:10:18.697" /><!-- duration: 0ms -->
        <step title="Triggering recycle (preview mode disabled)." date="2026-02-01T18:10:18.775" /><!-- duration: 0ms -->
        <step title="Ignoring FS watcher based recycle request as this is a classic Windows app." date="2026-02-01T18:10:18.791" /><!-- duration: 0ms -->
        <step title="Deployment successful. DEPLOYMENTINFO: deploymentPath = ZipDeploy. Extract zip. Remote build. , deployer = ZipDeploy, os = windows, sku = Free, siteName = coverlettergen-backend, siteHostName = coverlettergen-backend.azurewebsites.net, deploymentStatus = Success" date="2026-02-01T18:10:18.869" /><!-- duration: 16ms -->
      </step><!-- duration: 3672ms -->
    </step><!-- duration: 4125ms -->
    <step title="Cleaning up temp files" date="2026-02-01T18:10:19.103" /><!-- duration: 16ms -->
    <step title="Skip function trigger and logicapp sync because function is not enabled." date="2026-02-01T18:10:19.119" /><!-- duration: 16ms -->
  </step><!-- duration: 5688ms -->
  <step title="LockFile &apos;C:\home\site\locks\deployments.lock&apos; released" date="2026-02-01T18:10:19.213" /><!-- duration: 0ms -->
  <step title="Deleting shutdown sentinel file" date="2026-02-01T18:10:19.228" SemaphoreCount="8" /><!-- duration: 16ms -->
</step><!-- duration: 5875ms -->
