<step title="Incoming Request" date="2026-02-01T17:53:29.638" instance="c01540" url="/api/zipdeploy?isAsync=true" method="POST" type="request" pid="10108,2,50" Cache-Control="no-cache" Content-Length="31023938" Content-Type="application/octet-stream" Accept="*/*" Accept-Encoding="gzip, deflate" Authorization="Bea..." Host="coverlettergen-backend.scm.azurewebsites.net" User-Agent="AZURECLI/2.76.0 (MSI)" x-ms-client-request-id="e573a196-ff96-11f0-832b-c85b768a574f" X-ARR-LOG-ID="e573a196-ff96-11f0-832b-c85b768a574f" CLIENT-IP="182.185.152.21:54168" X-SITE-DEPLOYMENT-ID="coverlettergen-backend" WAS-DEFAULT-HOSTNAME="coverlettergen-backend.scm.azurewebsites.net" X-Forwarded-Proto="https" X-AppService-Proto="https" X-Forwarded-TlsVersion="1.3" X-WAWS-Unencoded-URL="/api/zipdeploy?isAsync=true" >
  <step title="Cleanup Xml Logs" date="2026-02-01T17:53:29.654" /><!-- duration: 47ms -->
  <step title="ZipPushDeploy" date="2026-02-01T17:53:29.763" >
    <step title="ZipDeploy. Extract zip. Remote build. " date="2026-02-01T17:53:29.763" /><!-- duration: 16ms -->
    <step title="Starting PushDeployAsync" date="2026-02-01T17:53:29.779" /><!-- duration: 16ms -->
    <step title="Updating shutdown sentinel last write time" date="2026-02-01T17:53:29.810" SemaphoreCount="7" /><!-- duration: 16ms -->
    <step title="LockFile &apos;C:\home\site\locks\deployments.lock&apos; acquired" date="2026-02-01T17:53:29.841" /><!-- duration: 16ms -->
    <step title="Saving request content to C:\local\Temp\zipdeploy\jalftg1c.zip" date="2026-02-01T17:53:29.857" >
      <step title="Total 31,023,938 bytes written to C:\local\Temp\zipdeploy\jalftg1c.zip" date="2026-02-01T17:53:44.834" /><!-- duration: 16ms -->
    </step><!-- duration: 15008ms -->
    <step title="LockFile &apos;C:\home\site\locks\deployments.lock&apos; released" date="2026-02-01T17:53:44.880" /><!-- duration: 0ms -->
    <step title="Deleting shutdown sentinel file" date="2026-02-01T17:53:44.896" SemaphoreCount="8" /><!-- duration: 16ms -->
    <step title="Starting FetchDeploy" date="2026-02-01T17:53:44.912" /><!-- duration: 16ms -->
    <step title="Start deployment in the background" date="2026-02-01T17:53:44.943" /><!-- duration: 141ms -->
  </step><!-- duration: 15336ms -->
  <step title="Outgoing response" date="2026-02-01T17:53:45.115" type="response" statusCode="202" statusText="Accepted" Server="Microsoft-IIS/10.0" x-ms-request-id="e573a196-ff96-11f0-832b-c85b768a574f" Retry-After="30" Cache-Control="private" X-AspNet-Version="4.0.30319" Location="https://coverlettergen-backend.scm.azurewebsites.net/api/deployments/latest?deployer=ZipDeploy&amp;time=2026-02-01_17-53-45Z" /><!-- duration: 0ms -->
</step><!-- duration: 15492ms -->
