<step title="Incoming Request" date="2026-02-01T15:17:29.544" instance="c01540" url="/api/zipdeploy?isAsync=true" method="POST" type="request" pid="12596,2,8" Cache-Control="no-cache" Connection="Keep-Alive" Content-Length="31520954" Content-Type="application/octet-stream" Accept="*/*" Accept-Encoding="gzip, deflate" Authorization="Bea..." Host="coverlettergen-backend.scm.azurewebsites.net" User-Agent="AZURECLI/2.76.0 (MSI)" x-ms-client-request-id="dee40f82-ff80-11f0-8eb4-c85b768a574f" X-ARR-LOG-ID="dee40f82-ff80-11f0-8eb4-c85b768a574f" CLIENT-IP="182.185.152.21:56928" X-SITE-DEPLOYMENT-ID="coverlettergen-backend" WAS-DEFAULT-HOSTNAME="coverlettergen-backend.scm.azurewebsites.net" X-Forwarded-Proto="https" X-AppService-Proto="https" X-Forwarded-TlsVersion="1.3" X-WAWS-Unencoded-URL="/api/zipdeploy?isAsync=true" X-MS-COLDSTART="1" >
  <step title="ZipPushDeploy" date="2026-02-01T15:17:30.154" >
    <step title="ZipDeploy. Extract zip. Remote build. " date="2026-02-01T15:17:30.185" /><!-- duration: 16ms -->
    <step title="Starting PushDeployAsync" date="2026-02-01T15:17:30.201" /><!-- duration: 16ms -->
    <step title="Updating shutdown sentinel last write time" date="2026-02-01T15:17:30.279" SemaphoreCount="7" /><!-- duration: 0ms -->
    <step title="LockFile &apos;C:\home\site\locks\deployments.lock&apos; acquired" date="2026-02-01T15:17:30.294" /><!-- duration: 0ms -->
    <step title="Saving request content to C:\local\Temp\zipdeploy\0ymfabii.zip" date="2026-02-01T15:17:30.310" >
      <step title="Total 31,520,954 bytes written to C:\local\Temp\zipdeploy\0ymfabii.zip" date="2026-02-01T15:17:42.942" /><!-- duration: 16ms -->
    </step><!-- duration: 12648ms -->
    <step title="LockFile &apos;C:\home\site\locks\deployments.lock&apos; released" date="2026-02-01T15:17:42.974" /><!-- duration: 16ms -->
    <step title="Deleting shutdown sentinel file" date="2026-02-01T15:17:43.005" SemaphoreCount="8" /><!-- duration: 0ms -->
    <step title="Starting FetchDeploy" date="2026-02-01T15:17:43.020" /><!-- duration: 16ms -->
    <step title="Start deployment in the background" date="2026-02-01T15:17:43.036" /><!-- duration: 188ms -->
  </step><!-- duration: 13086ms -->
  <step title="Outgoing response" date="2026-02-01T15:17:43.286" type="response" statusCode="202" statusText="Accepted" Server="Microsoft-IIS/10.0" x-ms-request-id="dee40f82-ff80-11f0-8eb4-c85b768a574f" Retry-After="30" Cache-Control="private" X-AspNet-Version="4.0.30319" Location="https://coverlettergen-backend.scm.azurewebsites.net/api/deployments/latest?deployer=ZipDeploy&amp;time=2026-02-01_15-17-43Z" /><!-- duration: 0ms -->
</step><!-- duration: 13757ms -->
