<step title="BackgroundTrace" date="2026-02-01T17:53:44.943" instance="c01540" url="/api/zipdeploy" method="POST" >
  <step title="Cleanup Xml Logs" date="2026-02-01T17:53:44.959" /><!-- duration: 16ms -->
  <step title="Updating shutdown sentinel last write time" date="2026-02-01T17:53:44.990" SemaphoreCount="7" /><!-- duration: 16ms -->
  <step title="LockFile &apos;C:\home\site\locks\deployments.lock&apos; acquired" date="2026-02-01T17:53:45.021" /><!-- duration: 0ms -->
  <step title="Creating temporary deployment" date="2026-02-01T17:53:45.037" /><!-- duration: 47ms -->
  <step title="Performing fetch based deployment" date="2026-02-01T17:53:45.084" >
    <step title="Fetching changes." date="2026-02-01T17:53:45.177" /><!-- duration: 16ms -->
    <step title="Starting LocalZipHandler" date="2026-02-01T17:53:45.193" /><!-- duration: 16ms -->
    <step title="Cleaning up temp folders from previous zip deployments and extracting pushed zip file C:\local\Temp\zipdeploy\jalftg1c.zip (29.59 MB) to C:\local\Temp\zipdeploy\extracted" date="2026-02-01T17:53:45.271" /><!-- duration: 0ms -->
    <step title="Cleaning up temp folders from previous zip deployments and extracting pushed zip file C:\local\Temp\zipdeploy\jalftg1c.zip (29.59 MB) to C:\local\Temp\zipdeploy\extracted" date="2026-02-01T17:53:45.287" >
      <step title="Renaming extractTargetDirectory(C:\local\Temp\zipdeploy\extracted) to tempDirectory(C:\local\Temp\zipdeploy\mqjkdu0z.sbk)" date="2026-02-01T17:53:45.302" /><!-- duration: 0ms -->
      <step title="Extracting 200 entries to C:\local\Temp\zipdeploy\extracted directory" date="2026-02-01T17:53:45.318" >
        <step title="Extracting to C:\local\Temp\zipdeploy\extracted\cs\Microsoft.CodeAnalysis.CSharp.resources.dll ..." date="2026-02-01T17:53:45.318" /><!-- duration: 16ms -->
        <step title="Extracting to C:\local\Temp\zipdeploy\extracted\cs\Microsoft.CodeAnalysis.CSharp.Workspaces.resources.dll ..." date="2026-02-01T17:53:45.349" /><!-- duration: 0ms -->
        <step title="Extracting to C:\local\Temp\zipdeploy\extracted\cs\Microsoft.CodeAnalysis.resources.dll ..." date="2026-02-01T17:53:45.365" /><!-- duration: 16ms -->
        <step title="Extracting to C:\local\Temp\zipdeploy\extracted\cs\Microsoft.CodeAnalysis.Workspaces.resources.dll ..." date="2026-02-01T17:53:45.380" /><!-- duration: 16ms -->
        <step title="Extracting to C:\local\Temp\zipdeploy\extracted\de\Microsoft.CodeAnalysis.CSharp.resources.dll ..." date="2026-02-01T17:53:45.396" /><!-- duration: 16ms -->
        <step title="Omitting extracting file traces ..." date="2026-02-01T17:53:45.427" /><!-- duration: 16ms -->
      </step><!-- duration: 1219ms -->
    </step><!-- duration: 1250ms -->
    <step title="Before sending BuildRequestReceived status to /api/updatedeploystatus" date="2026-02-01T17:53:46.552" /><!-- duration: 16ms -->
    <step title="DeploymentManager.Deploy(id:de0812f9987643918816b1d755d3207a)" date="2026-02-01T17:53:46.568" >
      <step title="Collecting changeset information" date="2026-02-01T17:53:46.584" /><!-- duration: 62ms -->
      <step title="Updating submodules" date="2026-02-01T17:53:46.662" >
        <step title="Updating submodules." date="2026-02-01T17:53:46.740" /><!-- duration: 0ms -->
      </step><!-- duration: 94ms -->
      <step title="Preparing deployment for commit id &apos;de0812f998&apos;." date="2026-02-01T17:53:46.834" /><!-- duration: 0ms -->
      <step title="Determining deployment builder" date="2026-02-01T17:53:46.896" >
        <step title="UseMSBuild16: True" date="2026-02-01T17:53:46.912" /><!-- duration: 16ms -->
        <step title="Builder is BasicBuilder" date="2026-02-01T17:53:46.943" /><!-- duration: 0ms -->
      </step><!-- duration: 63ms -->
      <step title="Copying SSH keys" date="2026-02-01T17:53:46.990" /><!-- duration: 16ms -->
      <step title="Building" date="2026-02-01T17:53:47.021" >
        <step title="Generating deployment script." date="2026-02-01T17:53:47.084" /><!-- duration: 16ms -->
        <step title="Generating deployment script" date="2026-02-01T17:53:47.115" >
          <step title="Using cached version of the deployment script for command: -y --no-dot-deployment -r &quot;C:\local\Temp\zipdeploy\extracted&quot; -o &quot;C:\home\site\deployments\tools&quot; --basic --sitePath &quot;C:\local\Temp\zipdeploy\extracted&quot;" date="2026-02-01T17:53:47.131" /><!-- duration: 16ms -->
          <step title="Using cached version of deployment script (command: &apos;azure -y --no-dot-deployment -r &quot;C:\local\Temp\zipdeploy\extracted&quot; -o &quot;C:\home\site\deployments\tools&quot; --basic --sitePath &quot;C:\local\Temp\zipdeploy\extracted&quot;&apos;)." date="2026-02-01T17:53:47.162" /><!-- duration: 0ms -->
        </step><!-- duration: 62ms -->
        <step title="Running deployment command..." date="2026-02-01T17:53:47.256" /><!-- duration: 0ms -->
        <step title="Command: &quot;C:\home\site\deployments\tools\deploy.cmd&quot;" date="2026-02-01T17:53:47.287" /><!-- duration: 0ms -->
        <step title="Executing external process" date="2026-02-01T17:53:47.303" type="process" path="starter.cmd" arguments="&quot;C:\home\site\deployments\tools\deploy.cmd&quot;" >
          <step title="Handling Basic Web Site deployment." date="2026-02-01T17:53:47.474" /><!-- duration: 16ms -->
          <step title="Creating app_offline.htm" date="2026-02-01T17:53:49.943" /><!-- duration: 16ms -->
          <step title="KuduSync.NET from: &apos;C:\local\Temp\zipdeploy\extracted&apos; to: &apos;C:\home\site\wwwroot&apos;" date="2026-02-01T17:53:49.974" /><!-- duration: 0ms -->
          <step title="Copying file: &apos;backend.dll&apos;" date="2026-02-01T17:53:50.006" /><!-- duration: 0ms -->
          <step title="Copying file: &apos;backend.exe&apos;" date="2026-02-01T17:53:50.021" /><!-- duration: 16ms -->
          <step title="Copying file: &apos;backend.pdb&apos;" date="2026-02-01T17:53:50.053" /><!-- duration: 0ms -->
          <step title="Copying file: &apos;publish\publish\publish\appsettings.Development.json&apos;" date="2026-02-01T17:53:50.068" /><!-- duration: 16ms -->
          <step title="Copying file: &apos;publish\publish\publish\appsettings.json&apos;" date="2026-02-01T17:53:50.099" /><!-- duration: 16ms -->
          <step title="Copying file: &apos;publish\publish\publish\appsettings.Production.json&apos;" date="2026-02-01T17:53:50.162" /><!-- duration: 0ms -->
          <step title="Copying file: &apos;publish\publish\publish\backend.deps.json&apos;" date="2026-02-01T17:53:50.178" /><!-- duration: 16ms -->
          <step title="Copying file: &apos;publish\publish\publish\publish\publish\appsettings.Development.json&apos;" date="2026-02-01T17:53:50.209" /><!-- duration: 16ms -->
          <step title="Copying file: &apos;publish\publish\publish\publish\publish\appsettings.json&apos;" date="2026-02-01T17:53:50.240" /><!-- duration: 0ms -->
          <step title="Copying file: &apos;publish\publish\publish\publish\publish\appsettings.Production.json&apos;" date="2026-02-01T17:53:50.256" /><!-- duration: 16ms -->
          <step title="Copying file: &apos;publish\publish\publish\publish\publish\backend.deps.json&apos;" date="2026-02-01T17:53:50.287" /><!-- duration: 16ms -->
          <step title="Copying file: &apos;publish\publish\publish\publish\publish\backend.runtimeconfig.json&apos;" date="2026-02-01T17:53:50.318" /><!-- duration: 16ms -->
          <step title="Copying file: &apos;publish\publish\publish\publish\publish\backend.staticwebassets.endpoints.json&apos;" date="2026-02-01T17:53:50.350" /><!-- duration: 0ms -->
          <step title="Copying file: &apos;publish\publish\publish\publish\publish\web.config&apos;" date="2026-02-01T17:53:50.365" /><!-- duration: 16ms -->
          <step title="Deleting app_offline.htm" date="2026-02-01T17:53:50.396" /><!-- duration: 0ms -->
          <step title="Finished successfully." date="2026-02-01T17:53:50.412" /><!-- duration: 16ms -->
        </step><!-- duration: 3141ms -->
        <step title="Running post deployment command(s)..." date="2026-02-01T17:53:50.521" /><!-- duration: 0ms -->
        <step title="Triggering recycle (preview mode disabled)." date="2026-02-01T17:53:50.599" /><!-- duration: 16ms -->
        <step title="Ignoring FS watcher based recycle request as this is a classic Windows app." date="2026-02-01T17:53:50.615" /><!-- duration: 16ms -->
        <step title="Deployment successful. DEPLOYMENTINFO: deploymentPath = ZipDeploy. Extract zip. Remote build. , deployer = ZipDeploy, os = windows, sku = Free, siteName = coverlettergen-backend, siteHostName = coverlettergen-backend.azurewebsites.net, deploymentStatus = Success" date="2026-02-01T17:53:50.709" /><!-- duration: 16ms -->
      </step><!-- duration: 3891ms -->
    </step><!-- duration: 4360ms -->
    <step title="Cleaning up temp files" date="2026-02-01T17:53:50.943" /><!-- duration: 0ms -->
    <step title="Skip function trigger and logicapp sync because function is not enabled." date="2026-02-01T17:53:50.959" /><!-- duration: 16ms -->
  </step><!-- duration: 5953ms -->
  <step title="LockFile &apos;C:\home\site\locks\deployments.lock&apos; released" date="2026-02-01T17:53:51.053" /><!-- duration: 0ms -->
  <step title="Deleting shutdown sentinel file" date="2026-02-01T17:53:51.068" SemaphoreCount="8" /><!-- duration: 16ms -->
</step><!-- duration: 6157ms -->
