<step title="Incoming Request" date="2026-02-01T15:19:38.634" instance="c01540" url="/api/zipdeploy?isAsync=true" method="POST" type="request" pid="12596,2,23" Cache-Control="no-cache" Content-Length="14812690" Content-Type="application/octet-stream" Accept="*/*" Accept-Encoding="gzip, deflate" Authorization="Bea..." Host="coverlettergen-backend.scm.azurewebsites.net" User-Agent="AZURECLI/2.76.0 (MSI)" x-ms-client-request-id="679c2230-ff81-11f0-b21a-c85b768a574f" X-ARR-LOG-ID="679c2230-ff81-11f0-b21a-c85b768a574f" CLIENT-IP="182.185.152.21:56983" X-SITE-DEPLOYMENT-ID="coverlettergen-backend" WAS-DEFAULT-HOSTNAME="coverlettergen-backend.scm.azurewebsites.net" X-Forwarded-Proto="https" X-AppService-Proto="https" X-Forwarded-TlsVersion="1.3" X-WAWS-Unencoded-URL="/api/zipdeploy?isAsync=true" >
  <step title="Cleanup Xml Logs" date="2026-02-01T15:19:38.634" /><!-- duration: 16ms -->
  <step title="ZipPushDeploy" date="2026-02-01T15:19:38.681" >
    <step title="ZipDeploy. Extract zip. Remote build. " date="2026-02-01T15:19:38.696" /><!-- duration: 0ms -->
    <step title="Starting PushDeployAsync" date="2026-02-01T15:19:38.712" /><!-- duration: 16ms -->
    <step title="Updating shutdown sentinel last write time" date="2026-02-01T15:19:38.743" SemaphoreCount="7" /><!-- duration: 16ms -->
    <step title="LockFile &apos;C:\home\site\locks\deployments.lock&apos; acquired" date="2026-02-01T15:19:38.774" /><!-- duration: 16ms -->
    <step title="Saving request content to C:\local\Temp\zipdeploy\ag50yqj2.zip" date="2026-02-01T15:19:38.806" >
      <step title="Total 14,812,690 bytes written to C:\local\Temp\zipdeploy\ag50yqj2.zip" date="2026-02-01T15:19:47.059" /><!-- duration: 16ms -->
    </step><!-- duration: 8269ms -->
    <step title="LockFile &apos;C:\home\site\locks\deployments.lock&apos; released" date="2026-02-01T15:19:47.090" /><!-- duration: 0ms -->
    <step title="Deleting shutdown sentinel file" date="2026-02-01T15:19:47.122" SemaphoreCount="8" /><!-- duration: 0ms -->
    <step title="Starting FetchDeploy" date="2026-02-01T15:19:47.137" /><!-- duration: 0ms -->
    <step title="Start deployment in the background" date="2026-02-01T15:19:47.153" /><!-- duration: 109ms -->
  </step><!-- duration: 8597ms -->
  <step title="Outgoing response" date="2026-02-01T15:19:47.278" type="response" statusCode="202" statusText="Accepted" Server="Microsoft-IIS/10.0" x-ms-request-id="679c2230-ff81-11f0-b21a-c85b768a574f" Retry-After="30" Cache-Control="private" X-AspNet-Version="4.0.30319" Location="https://coverlettergen-backend.scm.azurewebsites.net/api/deployments/latest?deployer=ZipDeploy&amp;time=2026-02-01_15-19-47Z" /><!-- duration: 16ms -->
</step><!-- duration: 8660ms -->
