<step title="Incoming Request" date="2026-02-01T18:09:57.258" instance="c01540" url="/api/zipdeploy?isAsync=true" method="POST" type="request" pid="10108,2,9" Cache-Control="no-cache" Content-Length="31045034" Content-Type="application/octet-stream" Accept="*/*" Accept-Encoding="gzip, deflate" Authorization="Bea..." Host="coverlettergen-backend.scm.azurewebsites.net" User-Agent="AZURECLI/2.76.0 (MSI)" x-ms-client-request-id="31f985cb-ff99-11f0-93c5-c85b768a574f" X-ARR-LOG-ID="31f985cb-ff99-11f0-93c5-c85b768a574f" CLIENT-IP="182.185.152.21:54390" X-SITE-DEPLOYMENT-ID="coverlettergen-backend" WAS-DEFAULT-HOSTNAME="coverlettergen-backend.scm.azurewebsites.net" X-Forwarded-Proto="https" X-AppService-Proto="https" X-Forwarded-TlsVersion="1.3" X-WAWS-Unencoded-URL="/api/zipdeploy?isAsync=true" >
  <step title="Cleanup Xml Logs" date="2026-02-01T18:09:57.274" /><!-- duration: 16ms -->
  <step title="ZipPushDeploy" date="2026-02-01T18:09:57.586" >
    <step title="ZipDeploy. Extract zip. Remote build. " date="2026-02-01T18:09:57.586" /><!-- duration: 16ms -->
    <step title="Starting PushDeployAsync" date="2026-02-01T18:09:57.602" /><!-- duration: 16ms -->
    <step title="Updating shutdown sentinel last write time" date="2026-02-01T18:09:57.633" SemaphoreCount="7" /><!-- duration: 16ms -->
    <step title="LockFile &apos;C:\home\site\locks\deployments.lock&apos; acquired" date="2026-02-01T18:09:57.664" /><!-- duration: 0ms -->
    <step title="Saving request content to C:\local\Temp\zipdeploy\lmzx4s4t.zip" date="2026-02-01T18:09:57.680" >
      <step title="Total 31,045,034 bytes written to C:\local\Temp\zipdeploy\lmzx4s4t.zip" date="2026-02-01T18:10:13.275" /><!-- duration: 16ms -->
    </step><!-- duration: 15611ms -->
    <step title="LockFile &apos;C:\home\site\locks\deployments.lock&apos; released" date="2026-02-01T18:10:13.306" /><!-- duration: 16ms -->
    <step title="Deleting shutdown sentinel file" date="2026-02-01T18:10:13.338" SemaphoreCount="8" /><!-- duration: 0ms -->
    <step title="Starting FetchDeploy" date="2026-02-01T18:10:13.353" /><!-- duration: 0ms -->
    <step title="Start deployment in the background" date="2026-02-01T18:10:13.369" /><!-- duration: 141ms -->
  </step><!-- duration: 15939ms -->
  <step title="Outgoing response" date="2026-02-01T18:10:13.541" type="response" statusCode="202" statusText="Accepted" Server="Microsoft-IIS/10.0" x-ms-request-id="31f985cb-ff99-11f0-93c5-c85b768a574f" Retry-After="30" Cache-Control="private" X-AspNet-Version="4.0.30319" Location="https://coverlettergen-backend.scm.azurewebsites.net/api/deployments/latest?deployer=ZipDeploy&amp;time=2026-02-01_18-10-13Z" /><!-- duration: 0ms -->
</step><!-- duration: 16298ms -->
