﻿<?xml version="1.0" encoding="utf-8"?>
<deployment>
  <id>de0812f9987643918816b1d755d3207a</id>
  <author>N/A</author>
  <deployer>ZipDeploy</deployer>
  <authorEmail>N/A</authorEmail>
  <message>Created via a push deployment</message>
  <progress></progress>
  <status>Success</status>
  <statusText></statusText>
  <lastSuccessEndTime>2026-02-01T17:53:50.7406324Z</lastSuccessEndTime>
  <receivedTime>2026-02-01T17:53:46.6152971Z</receivedTime>
  <startTime>2026-02-01T17:53:46.8652933Z</startTime>
  <endTime>2026-02-01T17:53:50.7406324Z</endTime>
  <complete>True</complete>
  <is_temp>False</is_temp>
  <is_readonly>True</is_readonly>
  <project_type>BASIC</project_type>
  <vsproject_id></vsproject_id>
</deployment>