<Events><Event><System><Provider Name="IIS AspNetCore Module V2"/><EventID>1032</EventID><Level>4</Level><Task>0</Task><Keywords>Keywords</Keywords><TimeCreated SystemTime="2026-02-01T15:25:25Z"/><EventRecordID>928211390</EventRecordID><Channel>Application</Channel><Computer>WEBWK000004</Computer><Security/></System><EventData><Data>Application 'C:\home\site\wwwroot\' started successfully.</Data><Data>Process Id: 11164.</Data><Data>File Version: 18.0.25301.22. Description: IIS ASP.NET Core Module V2 Request Handler. Commit: </Data></EventData></Event><Event><System><Provider Name="IIS AspNetCore Module V2"/><EventID>1033</EventID><Level>4</Level><Task>0</Task><Keywords>Keywords</Keywords><TimeCreated SystemTime="2026-02-01T16:14:19Z"/><EventRecordID>931145500</EventRecordID><Channel>Application</Channel><Computer>WEBWK000004</Computer><Security/></System><EventData><Data>Application 'MACHINE/WEBROOT/APPHOST/COVERLETTERGEN-BACKEND' has shutdown.</Data><Data>Process Id: 11164.</Data><Data>File Version: 18.0.25301.22. Description: IIS ASP.NET Core Module V2 Request Handler. Commit: </Data></EventData></Event><Event><System><Provider Name="IIS AspNetCore Module V2"/><EventID>1032</EventID><Level>4</Level><Task>0</Task><Keywords>Keywords</Keywords><TimeCreated SystemTime="2026-02-01T17:16:53Z"/><EventRecordID>934898953</EventRecordID><Channel>Application</Channel><Computer>WEBWK000004</Computer><Security/></System><EventData><Data>Application 'C:\home\site\wwwroot\' started successfully.</Data><Data>Process Id: 1812.</Data><Data>File Version: 18.0.25301.22. Description: IIS ASP.NET Core Module V2 Request Handler. Commit: </Data></EventData></Event><Event><System><Provider Name="IIS AspNetCore Module V2"/><EventID>1012</EventID><Level>4</Level><Task>0</Task><Keywords>Keywords</Keywords><TimeCreated SystemTime="2026-02-01T17:25:55Z"/><EventRecordID>935440875</EventRecordID><Channel>Application</Channel><Computer>WEBWK000004</Computer><Security/></System><EventData><Data>Application 'C:\home\site\wwwroot\' was recycled after detecting app_offline.htm.</Data><Data>Process Id: 1812.</Data><Data>File Version: 18.0.25301.22. Description: IIS ASP.NET Core Module V2 Request Handler. Commit: </Data></EventData></Event><Event><System><Provider Name="IIS AspNetCore Module V2"/><EventID>1033</EventID><Level>4</Level><Task>0</Task><Keywords>Keywords</Keywords><TimeCreated SystemTime="2026-02-01T17:25:55Z"/><EventRecordID>935440937</EventRecordID><Channel>Application</Channel><Computer>WEBWK000004</Computer><Security/></System><EventData><Data>Application 'MACHINE/WEBROOT/APPHOST/COVERLETTERGEN-BACKEND' has shutdown.</Data><Data>Process Id: 1812.</Data><Data>File Version: 18.0.25301.22. Description: IIS ASP.NET Core Module V2 Request Handler. Commit: </Data></EventData></Event><Event><System><Provider Name="IIS AspNetCore Module V2"/><EventID>1032</EventID><Level>4</Level><Task>0</Task><Keywords>Keywords</Keywords><TimeCreated SystemTime="2026-02-01T17:26:25Z"/><EventRecordID>935471109</EventRecordID><Channel>Application</Channel><Computer>WEBWK000004</Computer><Security/></System><EventData><Data>Application 'C:\home\site\wwwroot\' started successfully.</Data><Data>Process Id: 11172.</Data><Data>File Version: 18.0.25301.22. Description: IIS ASP.NET Core Module V2 Request Handler. Commit: </Data></EventData></Event><Event><System><Provider Name="IIS AspNetCore Module V2"/><EventID>1012</EventID><Level>4</Level><Task>0</Task><Keywords>Keywords</Keywords><TimeCreated SystemTime="2026-02-01T17:32:08Z"/><EventRecordID>935814046</EventRecordID><Channel>Application</Channel><Computer>WEBWK000004</Computer><Security/></System><EventData><Data>Application 'C:\home\site\wwwroot\' was recycled after detecting app_offline.htm.</Data><Data>Process Id: 11172.</Data><Data>File Version: 18.0.25301.22. Description: IIS ASP.NET Core Module V2 Request Handler. Commit: </Data></EventData></Event><Event><System><Provider Name="IIS AspNetCore Module V2"/><EventID>1033</EventID><Level>4</Level><Task>0</Task><Keywords>Keywords</Keywords><TimeCreated SystemTime="2026-02-01T17:32:08Z"/><EventRecordID>935814093</EventRecordID><Channel>Application</Channel><Computer>WEBWK000004</Computer><Security/></System><EventData><Data>Application 'MACHINE/WEBROOT/APPHOST/COVERLETTERGEN-BACKEND' has shutdown.</Data><Data>Process Id: 11172.</Data><Data>File Version: 18.0.25301.22. Description: IIS ASP.NET Core Module V2 Request Handler. Commit: </Data></EventData></Event><Event><System><Provider Name="IIS AspNetCore Module V2"/><EventID>1032</EventID><Level>4</Level><Task>0</Task><Keywords>Keywords</Keywords><TimeCreated SystemTime="2026-02-01T17:32:45Z"/><EventRecordID>935851062</EventRecordID><Channel>Application</Channel><Computer>WEBWK000004</Computer><Security/></System><EventData><Data>Application 'C:\home\site\wwwroot\' started successfully.</Data><Data>Process Id: 12276.</Data><Data>File Version: 18.0.25301.22. Description: IIS ASP.NET Core Module V2 Request Handler. Commit: </Data></EventData></Event><Event><System><Provider Name="IIS AspNetCore Module V2"/><EventID>1033</EventID><Level>4</Level><Task>0</Task><Keywords>Keywords</Keywords><TimeCreated SystemTime="2026-02-01T17:42:08Z"/><EventRecordID>936413953</EventRecordID><Channel>Application</Channel><Computer>WEBWK000004</Computer><Security/></System><EventData><Data>Application 'MACHINE/WEBROOT/APPHOST/COVERLETTERGEN-BACKEND' has shutdown.</Data><Data>Process Id: 12276.</Data><Data>File Version: 18.0.25301.22. Description: IIS ASP.NET Core Module V2 Request Handler. Commit: </Data></EventData></Event><Event><System><Provider Name="IIS AspNetCore Module V2"/><EventID>1032</EventID><Level>4</Level><Task>0</Task><Keywords>Keywords</Keywords><TimeCreated SystemTime="2026-02-01T17:42:28Z"/><EventRecordID>936434375</EventRecordID><Channel>Application</Channel><Computer>WEBWK000004</Computer><Security/></System><EventData><Data>Application 'C:\home\site\wwwroot\' started successfully.</Data><Data>Process Id: 13328.</Data><Data>File Version: 18.0.25301.22. Description: IIS ASP.NET Core Module V2 Request Handler. Commit: </Data></EventData></Event><Event><System><Provider Name="IIS AspNetCore Module V2"/><EventID>1033</EventID><Level>4</Level><Task>0</Task><Keywords>Keywords</Keywords><TimeCreated SystemTime="2026-02-01T17:44:23Z"/><EventRecordID>936549640</EventRecordID><Channel>Application</Channel><Computer>WEBWK000004</Computer><Security/></System><EventData><Data>Application 'MACHINE/WEBROOT/APPHOST/COVERLETTERGEN-BACKEND' has shutdown.</Data><Data>Process Id: 13328.</Data><Data>File Version: 18.0.25301.22. Description: IIS ASP.NET Core Module V2 Request Handler. Commit: </Data></EventData></Event><Event><System><Provider Name="IIS AspNetCore Module V2"/><EventID>1032</EventID><Level>4</Level><Task>0</Task><Keywords>Keywords</Keywords><TimeCreated SystemTime="2026-02-01T17:44:56Z"/><EventRecordID>936582421</EventRecordID><Channel>Application</Channel><Computer>WEBWK000004</Computer><Security/></System><EventData><Data>Application 'C:\home\site\wwwroot\' started successfully.</Data><Data>Process Id: 10096.</Data><Data>File Version: 18.0.25301.22. Description: IIS ASP.NET Core Module V2 Request Handler. Commit: </Data></EventData></Event><Event><System><Provider Name="IIS AspNetCore Module V2"/><EventID>1012</EventID><Level>4</Level><Task>0</Task><Keywords>Keywords</Keywords><TimeCreated SystemTime="2026-02-01T17:49:58Z"/><EventRecordID>936883906</EventRecordID><Channel>Application</Channel><Computer>WEBWK000004</Computer><Security/></System><EventData><Data>Application 'C:\home\site\wwwroot\' was recycled after detecting app_offline.htm.</Data><Data>Process Id: 10096.</Data><Data>File Version: 18.0.25301.22. Description: IIS ASP.NET Core Module V2 Request Handler. Commit: </Data></EventData></Event><Event><System><Provider Name="IIS AspNetCore Module V2"/><EventID>1033</EventID><Level>4</Level><Task>0</Task><Keywords>Keywords</Keywords><TimeCreated SystemTime="2026-02-01T17:49:58Z"/><EventRecordID>936884093</EventRecordID><Channel>Application</Channel><Computer>WEBWK000004</Computer><Security/></System><EventData><Data>Application 'MACHINE/WEBROOT/APPHOST/COVERLETTERGEN-BACKEND' has shutdown.</Data><Data>Process Id: 10096.</Data><Data>File Version: 18.0.25301.22. Description: IIS ASP.NET Core Module V2 Request Handler. Commit: </Data></EventData></Event><Event><System><Provider Name="IIS AspNetCore Module V2"/><EventID>1032</EventID><Level>4</Level><Task>0</Task><Keywords>Keywords</Keywords><TimeCreated SystemTime="2026-02-01T17:50:28Z"/><EventRecordID>936913875</EventRecordID><Channel>Application</Channel><Computer>WEBWK000004</Computer><Security/></System><EventData><Data>Application 'C:\home\site\wwwroot\' started successfully.</Data><Data>Process Id: 8704.</Data><Data>File Version: 18.0.25301.22. Description: IIS ASP.NET Core Module V2 Request Handler. Commit: </Data></EventData></Event><Event><System><Provider Name="IIS AspNetCore Module V2"/><EventID>1012</EventID><Level>4</Level><Task>0</Task><Keywords>Keywords</Keywords><TimeCreated SystemTime="2026-02-01T17:53:47Z"/><EventRecordID>937113296</EventRecordID><Channel>Application</Channel><Computer>WEBWK000004</Computer><Security/></System><EventData><Data>Application 'C:\home\site\wwwroot\' was recycled after detecting app_offline.htm.</Data><Data>Process Id: 8704.</Data><Data>File Version: 18.0.25301.22. Description: IIS ASP.NET Core Module V2 Request Handler. Commit: </Data></EventData></Event><Event><System><Provider Name="IIS AspNetCore Module V2"/><EventID>1033</EventID><Level>4</Level><Task>0</Task><Keywords>Keywords</Keywords><TimeCreated SystemTime="2026-02-01T17:53:47Z"/><EventRecordID>937113453</EventRecordID><Channel>Application</Channel><Computer>WEBWK000004</Computer><Security/></System><EventData><Data>Application 'MACHINE/WEBROOT/APPHOST/COVERLETTERGEN-BACKEND' has shutdown.</Data><Data>Process Id: 8704.</Data><Data>File Version: 18.0.25301.22. Description: IIS ASP.NET Core Module V2 Request Handler. Commit: </Data></EventData></Event><Event><System><Provider Name="IIS AspNetCore Module V2"/><EventID>1032</EventID><Level>4</Level><Task>0</Task><Keywords>Keywords</Keywords><TimeCreated SystemTime="2026-02-01T17:54:10Z"/><EventRecordID>937136343</EventRecordID><Channel>Application</Channel><Computer>WEBWK000004</Computer><Security/></System><EventData><Data>Application 'C:\home\site\wwwroot\' started successfully.</Data><Data>Process Id: 11556.</Data><Data>File Version: 18.0.25301.22. Description: IIS ASP.NET Core Module V2 Request Handler. Commit: </Data></EventData></Event><Event><System><Provider Name="IIS AspNetCore Module V2"/><EventID>1012</EventID><Level>4</Level><Task>0</Task><Keywords>Keywords</Keywords><TimeCreated SystemTime="2026-02-01T18:10:15Z"/><EventRecordID>938101734</EventRecordID><Channel>Application</Channel><Computer>WEBWK000004</Computer><Security/></System><EventData><Data>Application 'C:\home\site\wwwroot\' was recycled after detecting app_offline.htm.</Data><Data>Process Id: 11556.</Data><Data>File Version: 18.0.25301.22. Description: IIS ASP.NET Core Module V2 Request Handler. Commit: </Data></EventData></Event><Event><System><Provider Name="IIS AspNetCore Module V2"/><EventID>1033</EventID><Level>4</Level><Task>0</Task><Keywords>Keywords</Keywords><TimeCreated SystemTime="2026-02-01T18:10:16Z"/><EventRecordID>938101781</EventRecordID><Channel>Application</Channel><Computer>WEBWK000004</Computer><Security/></System><EventData><Data>Application 'MACHINE/WEBROOT/APPHOST/COVERLETTERGEN-BACKEND' has shutdown.</Data><Data>Process Id: 11556.</Data><Data>File Version: 18.0.25301.22. Description: IIS ASP.NET Core Module V2 Request Handler. Commit: </Data></EventData></Event><Event><System><Provider Name="IIS AspNetCore Module V2"/><EventID>1032</EventID><Level>4</Level><Task>0</Task><Keywords>Keywords</Keywords><TimeCreated SystemTime="2026-02-01T18:10:30Z"/><EventRecordID>938116562</EventRecordID><Channel>Application</Channel><Computer>WEBWK000004</Computer><Security/></System><EventData><Data>Application 'C:\home\site\wwwroot\' started successfully.</Data><Data>Process Id: 14152.</Data><Data>File Version: 18.0.25301.22. Description: IIS ASP.NET Core Module V2 Request Handler. Commit: </Data></EventData></Event></Events>