{"TimeStamp":"2026-02-01T18:10:18Z","SiteName":"coverlettergen-backend","RequestId":"31f985cb-ff99-11f0-93c5-c85b768a574f","Kind":"ZipDeploy","Status":"Success","Details":"{\"Id\":\"22102cfc0d9642c591f5be806aa52dc8\",\"Status\":4,\"StatusText\":\"\",\"AuthorEmail\":\"N/A\",\"Author\":\"N/A\",\"Message\":\"Created via a push deployment\",\"Progress\":\"\",\"Deployer\":\"ZipDeploy\",\"ReceivedTime\":\"2026-02-01T18:10:15.0256377Z\",\"StartTime\":\"2026-02-01T18:10:15.2599422Z\",\"EndTime\":\"2026-02-01T18:10:18.9162981Z\",\"LastSuccessEndTime\":\"2026-02-01T18:10:18.9162981Z\",\"Complete\":true,\"IsTemporary\":false,\"IsReadOnly\":true,\"SiteName\":\"coverlettergen-backend\",\"HostName\":\"coverlettergen-backend.scm.azurewebsites.net\",\"ProjectType\":\"BASIC\",\"VsProjectId\":null}"}