{"TimeStamp":"2026-02-01T17:53:50Z","SiteName":"coverlettergen-backend","RequestId":"e573a196-ff96-11f0-832b-c85b768a574f","Kind":"ZipDeploy","Status":"Success","Details":"{\"Id\":\"de0812f9987643918816b1d755d3207a\",\"Status\":4,\"StatusText\":\"\",\"AuthorEmail\":\"N/A\",\"Author\":\"N/A\",\"Message\":\"Created via a push deployment\",\"Progress\":\"\",\"Deployer\":\"ZipDeploy\",\"ReceivedTime\":\"2026-02-01T17:53:46.6152971Z\",\"StartTime\":\"2026-02-01T17:53:46.8652933Z\",\"EndTime\":\"2026-02-01T17:53:50.7406324Z\",\"LastSuccessEndTime\":\"2026-02-01T17:53:50.7406324Z\",\"Complete\":true,\"IsTemporary\":false,\"IsReadOnly\":true,\"SiteName\":\"coverlettergen-backend\",\"HostName\":\"coverlettergen-backend.scm.azurewebsites.net\",\"ProjectType\":\"BASIC\",\"VsProjectId\":null}"}