﻿<?xml version="1.0" encoding="utf-8"?>
<deployment>
  <id>8ffdfd7b9fd0438cab49f8dd072b798f</id>
  <author>N/A</author>
  <deployer>ZipDeploy</deployer>
  <authorEmail>N/A</authorEmail>
  <message>Created via a push deployment</message>
  <progress></progress>
  <status>Success</status>
  <statusText></statusText>
  <lastSuccessEndTime>2026-02-01T17:25:58.3856609Z</lastSuccessEndTime>
  <receivedTime>2026-02-01T17:25:54.0095797Z</receivedTime>
  <startTime>2026-02-01T17:25:54.2595222Z</startTime>
  <endTime>2026-02-01T17:25:58.3856609Z</endTime>
  <complete>True</complete>
  <is_temp>False</is_temp>
  <is_readonly>True</is_readonly>
  <project_type>BASIC</project_type>
  <vsproject_id></vsproject_id>
</deployment>