﻿<?xml version="1.0" encoding="utf-8"?>
<deployment>
  <id>bd4badefcb2a487984ccfaa1b908ebcc</id>
  <author>N/A</author>
  <deployer>ZipDeploy</deployer>
  <authorEmail>N/A</authorEmail>
  <message>Created via a push deployment</message>
  <progress></progress>
  <status>Success</status>
  <statusText></statusText>
  <lastSuccessEndTime>2026-02-01T17:32:11.3100351Z</lastSuccessEndTime>
  <receivedTime>2026-02-01T17:32:07.3565861Z</receivedTime>
  <startTime>2026-02-01T17:32:07.5753315Z</startTime>
  <endTime>2026-02-01T17:32:11.3100351Z</endTime>
  <complete>True</complete>
  <is_temp>False</is_temp>
  <is_readonly>True</is_readonly>
  <project_type>BASIC</project_type>
  <vsproject_id></vsproject_id>
</deployment>