<step title="BackgroundTrace" date="2026-02-01T15:19:47.153" instance="c01540" url="/api/zipdeploy" method="POST" >
  <step title="Updating shutdown sentinel last write time" date="2026-02-01T15:19:47.168" SemaphoreCount="7" /><!-- duration: 16ms -->
  <step title="LockFile &apos;C:\home\site\locks\deployments.lock&apos; acquired" date="2026-02-01T15:19:47.200" /><!-- duration: 0ms -->
  <step title="Creating temporary deployment" date="2026-02-01T15:19:47.215" /><!-- duration: 31ms -->
  <step title="Performing fetch based deployment" date="2026-02-01T15:19:47.262" >
    <step title="Fetching changes." date="2026-02-01T15:19:47.340" /><!-- duration: 16ms -->
    <step title="Starting LocalZipHandler" date="2026-02-01T15:19:47.372" /><!-- duration: 0ms -->
    <step title="Cleaning up temp folders from previous zip deployments and extracting pushed zip file C:\local\Temp\zipdeploy\ag50yqj2.zip (14.13 MB) to C:\local\Temp\zipdeploy\extracted" date="2026-02-01T15:19:47.434" /><!-- duration: 0ms -->
    <step title="Cleaning up temp folders from previous zip deployments and extracting pushed zip file C:\local\Temp\zipdeploy\ag50yqj2.zip (14.13 MB) to C:\local\Temp\zipdeploy\extracted" date="2026-02-01T15:19:47.450" >
      <step title="Renaming extractTargetDirectory(C:\local\Temp\zipdeploy\extracted) to tempDirectory(C:\local\Temp\zipdeploy\pcrxel0k.ub5)" date="2026-02-01T15:19:47.450" /><!-- duration: 16ms -->
      <step title="Extracting 93 entries to C:\local\Temp\zipdeploy\extracted directory" date="2026-02-01T15:19:47.481" >
        <step title="Extracting to C:\local\Temp\zipdeploy\extracted\cs\Microsoft.CodeAnalysis.CSharp.resources.dll ..." date="2026-02-01T15:19:47.481" /><!-- duration: 16ms -->
        <step title="Extracting to C:\local\Temp\zipdeploy\extracted\cs\Microsoft.CodeAnalysis.CSharp.Workspaces.resources.dll ..." date="2026-02-01T15:19:47.512" /><!-- duration: 0ms -->
        <step title="Extracting to C:\local\Temp\zipdeploy\extracted\cs\Microsoft.CodeAnalysis.resources.dll ..." date="2026-02-01T15:19:47.528" /><!-- duration: 0ms -->
        <step title="Extracting to C:\local\Temp\zipdeploy\extracted\cs\Microsoft.CodeAnalysis.Workspaces.resources.dll ..." date="2026-02-01T15:19:47.544" /><!-- duration: 16ms -->
        <step title="Extracting to C:\local\Temp\zipdeploy\extracted\de\Microsoft.CodeAnalysis.CSharp.resources.dll ..." date="2026-02-01T15:19:47.559" /><!-- duration: 16ms -->
        <step title="Omitting extracting file traces ..." date="2026-02-01T15:19:47.591" /><!-- duration: 0ms -->
      </step><!-- duration: 656ms -->
    </step><!-- duration: 703ms -->
    <step title="Before sending BuildRequestReceived status to /api/updatedeploystatus" date="2026-02-01T15:19:48.153" /><!-- duration: 16ms -->
    <step title="DeploymentManager.Deploy(id:b2e5af30b4af4b5fb2f45225256347c4)" date="2026-02-01T15:19:48.169" >
      <step title="Collecting changeset information" date="2026-02-01T15:19:48.200" /><!-- duration: 62ms -->
      <step title="Updating submodules" date="2026-02-01T15:19:48.278" >
        <step title="Updating submodules." date="2026-02-01T15:19:48.341" /><!-- duration: 16ms -->
      </step><!-- duration: 78ms -->
      <step title="Preparing deployment for commit id &apos;b2e5af30b4&apos;." date="2026-02-01T15:19:48.434" /><!-- duration: 16ms -->
      <step title="Determining deployment builder" date="2026-02-01T15:19:48.512" >
        <step title="UseMSBuild16: True" date="2026-02-01T15:19:48.528" /><!-- duration: 0ms -->
        <step title="Builder is BasicBuilder" date="2026-02-01T15:19:48.559" /><!-- duration: 0ms -->
      </step><!-- duration: 62ms -->
      <step title="Copying SSH keys" date="2026-02-01T15:19:48.606" /><!-- duration: 16ms -->
      <step title="Building" date="2026-02-01T15:19:48.637" >
        <step title="Generating deployment script." date="2026-02-01T15:19:48.700" /><!-- duration: 16ms -->
        <step title="Generating deployment script" date="2026-02-01T15:19:48.715" >
          <step title="Using the following command to generate deployment script: &apos;azure site deploymentscript -y --no-dot-deployment -r &quot;C:\local\Temp\zipdeploy\extracted&quot; -o &quot;C:\home\site\deployments\tools&quot; --basic --sitePath &quot;C:\local\Temp\zipdeploy\extracted&quot;&apos;." date="2026-02-01T15:19:48.778" /><!-- duration: 16ms -->
          <step title="Executing external process" date="2026-02-01T15:19:48.809" type="process" path="starter.cmd" arguments="&quot;C:\Program Files (x86)\SiteExtensions\Kudu\2025.11.1.1\bin\node_modules\.bin\kuduscript.cmd&quot; -y --no-dot-deployment -r &quot;C:\local\Temp\zipdeploy\extracted&quot; -o &quot;C:\home\site\deployments\tools&quot; --basic --sitePath &quot;C:\local\Temp\zipdeploy\extracted&quot;" >
            <step title="Generating deployment script for Web Site" date="2026-02-01T15:19:48.981" /><!-- duration: 0ms -->
            <step title="Generated deployment script files" date="2026-02-01T15:19:48.997" /><!-- duration: 16ms -->
          </step><!-- duration: 203ms -->
          <step title="Saved cached version of the deployment script for command -y --no-dot-deployment -r &quot;C:\local\Temp\zipdeploy\extracted&quot; -o &quot;C:\home\site\deployments\tools&quot; --basic --sitePath &quot;C:\local\Temp\zipdeploy\extracted&quot;" date="2026-02-01T15:19:49.044" /><!-- duration: 0ms -->
        </step><!-- duration: 344ms -->
        <step title="Running deployment command..." date="2026-02-01T15:19:49.137" /><!-- duration: 16ms -->
        <step title="Command: &quot;C:\home\site\deployments\tools\deploy.cmd&quot;" date="2026-02-01T15:19:49.169" /><!-- duration: 31ms -->
        <step title="Executing external process" date="2026-02-01T15:19:49.231" type="process" path="starter.cmd" arguments="&quot;C:\home\site\deployments\tools\deploy.cmd&quot;" >
          <step title="Handling Basic Web Site deployment." date="2026-02-01T15:19:49.387" /><!-- duration: 16ms -->
          <step title="Creating app_offline.htm" date="2026-02-01T15:19:49.762" /><!-- duration: 16ms -->
          <step title="KuduSync.NET from: &apos;C:\local\Temp\zipdeploy\extracted&apos; to: &apos;C:\home\site\wwwroot&apos;" date="2026-02-01T15:19:49.794" /><!-- duration: 0ms -->
          <step title="Deleting file: &apos;hostingstart.html&apos;" date="2026-02-01T15:19:49.809" /><!-- duration: 16ms -->
          <step title="Copying file: &apos;cs\Microsoft.CodeAnalysis.CSharp.resources.dll&apos;" date="2026-02-01T15:19:49.841" /><!-- duration: 0ms -->
          <step title="Copying file: &apos;cs\Microsoft.CodeAnalysis.CSharp.Workspaces.resources.dll&apos;" date="2026-02-01T15:19:49.872" /><!-- duration: 0ms -->
          <step title="Copying file: &apos;cs\Microsoft.CodeAnalysis.resources.dll&apos;" date="2026-02-01T15:19:49.887" /><!-- duration: 16ms -->
          <step title="Copying file: &apos;cs\Microsoft.CodeAnalysis.Workspaces.resources.dll&apos;" date="2026-02-01T15:19:49.919" /><!-- duration: 0ms -->
          <step title="Copying file: &apos;de\Microsoft.CodeAnalysis.CSharp.resources.dll&apos;" date="2026-02-01T15:19:49.950" /><!-- duration: 0ms -->
          <step title="Copying file: &apos;de\Microsoft.CodeAnalysis.CSharp.Workspaces.resources.dll&apos;" date="2026-02-01T15:19:49.966" /><!-- duration: 16ms -->
          <step title="Copying file: &apos;de\Microsoft.CodeAnalysis.resources.dll&apos;" date="2026-02-01T15:19:49.997" /><!-- duration: 0ms -->
          <step title="Copying file: &apos;de\Microsoft.CodeAnalysis.Workspaces.resources.dll&apos;" date="2026-02-01T15:19:50.012" /><!-- duration: 16ms -->
          <step title="Copying file: &apos;es\Microsoft.CodeAnalysis.CSharp.resources.dll&apos;" date="2026-02-01T15:19:50.044" /><!-- duration: 16ms -->
          <step title="Copying file: &apos;es\Microsoft.CodeAnalysis.CSharp.Workspaces.resources.dll&apos;" date="2026-02-01T15:19:50.075" /><!-- duration: 0ms -->
          <step title="Copying file: &apos;es\Microsoft.CodeAnalysis.resources.dll&apos;" date="2026-02-01T15:19:50.106" /><!-- duration: 0ms -->
          <step title="Copying file: &apos;es\Microsoft.CodeAnalysis.Workspaces.resources.dll&apos;" date="2026-02-01T15:19:50.122" /><!-- duration: 16ms -->
          <step title="Copying file: &apos;fr\Microsoft.CodeAnalysis.CSharp.resources.dll&apos;" date="2026-02-01T15:19:50.153" /><!-- duration: 0ms -->
          <step title="Copying file: &apos;fr\Microsoft.CodeAnalysis.CSharp.Workspaces.resources.dll&apos;" date="2026-02-01T15:19:50.184" /><!-- duration: 0ms -->
          <step title="Copying file: &apos;fr\Microsoft.CodeAnalysis.resources.dll&apos;" date="2026-02-01T15:19:50.200" /><!-- duration: 16ms -->
          <step title="Copying file: &apos;fr\Microsoft.CodeAnalysis.Workspaces.resources.dll&apos;" date="2026-02-01T15:19:50.231" /><!-- duration: 0ms -->
          <step title="Copying file: &apos;it\Microsoft.CodeAnalysis.CSharp.resources.dll&apos;" date="2026-02-01T15:19:50.262" /><!-- duration: 0ms -->
          <step title="Copying file: &apos;it\Microsoft.CodeAnalysis.CSharp.Workspaces.resources.dll&apos;" date="2026-02-01T15:19:50.278" /><!-- duration: 16ms -->
          <step title="Copying file: &apos;it\Microsoft.CodeAnalysis.resources.dll&apos;" date="2026-02-01T15:19:50.309" /><!-- duration: 16ms -->
          <step title="Copying file: &apos;it\Microsoft.CodeAnalysis.Workspaces.resources.dll&apos;" date="2026-02-01T15:19:50.341" /><!-- duration: 0ms -->
          <step title="Copying file: &apos;ja\Microsoft.CodeAnalysis.CSharp.resources.dll&apos;" date="2026-02-01T15:19:50.356" /><!-- duration: 16ms -->
          <step title="Copying file: &apos;ja\Microsoft.CodeAnalysis.CSharp.Workspaces.resources.dll&apos;" date="2026-02-01T15:19:50.387" /><!-- duration: 0ms -->
          <step title="Copying file: &apos;ja\Microsoft.CodeAnalysis.resources.dll&apos;" date="2026-02-01T15:19:50.419" /><!-- duration: 0ms -->
          <step title="Copying file: &apos;ja\Microsoft.CodeAnalysis.Workspaces.resources.dll&apos;" date="2026-02-01T15:19:50.434" /><!-- duration: 16ms -->
          <step title="Copying file: &apos;ko\Microsoft.CodeAnalysis.CSharp.resources.dll&apos;" date="2026-02-01T15:19:50.466" /><!-- duration: 16ms -->
          <step title="Copying file: &apos;ko\Microsoft.CodeAnalysis.CSharp.Workspaces.resources.dll&apos;" date="2026-02-01T15:19:50.497" /><!-- duration: 0ms -->
          <step title="Copying file: &apos;ko\Microsoft.CodeAnalysis.resources.dll&apos;" date="2026-02-01T15:19:50.512" /><!-- duration: 16ms -->
          <step title="Copying file: &apos;ko\Microsoft.CodeAnalysis.Workspaces.resources.dll&apos;" date="2026-02-01T15:19:50.544" /><!-- duration: 31ms -->
          <step title="Copying file: &apos;pl\Microsoft.CodeAnalysis.CSharp.resources.dll&apos;" date="2026-02-01T15:19:50.591" /><!-- duration: 16ms -->
          <step title="Copying file: &apos;pl\Microsoft.CodeAnalysis.CSharp.Workspaces.resources.dll&apos;" date="2026-02-01T15:19:50.622" /><!-- duration: 0ms -->
          <step title="Copying file: &apos;pl\Microsoft.CodeAnalysis.resources.dll&apos;" date="2026-02-01T15:19:50.637" /><!-- duration: 16ms -->
          <step title="Copying file: &apos;pl\Microsoft.CodeAnalysis.Workspaces.resources.dll&apos;" date="2026-02-01T15:19:50.669" /><!-- duration: 0ms -->
          <step title="Copying file: &apos;pt-BR\Microsoft.CodeAnalysis.CSharp.resources.dll&apos;" date="2026-02-01T15:19:50.684" /><!-- duration: 16ms -->
          <step title="Copying file: &apos;pt-BR\Microsoft.CodeAnalysis.CSharp.Workspaces.resources.dll&apos;" date="2026-02-01T15:19:50.716" /><!-- duration: 0ms -->
          <step title="Copying file: &apos;pt-BR\Microsoft.CodeAnalysis.resources.dll&apos;" date="2026-02-01T15:19:50.731" /><!-- duration: 16ms -->
          <step title="Copying file: &apos;pt-BR\Microsoft.CodeAnalysis.Workspaces.resources.dll&apos;" date="2026-02-01T15:19:50.762" /><!-- duration: 16ms -->
          <step title="Copying file: &apos;ru\Microsoft.CodeAnalysis.CSharp.resources.dll&apos;" date="2026-02-01T15:19:50.794" /><!-- duration: 16ms -->
          <step title="Copying file: &apos;ru\Microsoft.CodeAnalysis.CSharp.Workspaces.resources.dll&apos;" date="2026-02-01T15:19:50.825" /><!-- duration: 0ms -->
          <step title="Copying file: &apos;ru\Microsoft.CodeAnalysis.resources.dll&apos;" date="2026-02-01T15:19:50.841" /><!-- duration: 16ms -->
          <step title="Copying file: &apos;ru\Microsoft.CodeAnalysis.Workspaces.resources.dll&apos;" date="2026-02-01T15:19:50.872" /><!-- duration: 16ms -->
          <step title="Copying file: &apos;runtimes\browser-wasm\nativeassets\net8.0\e_sqlite3.a&apos;" date="2026-02-01T15:19:50.903" /><!-- duration: 0ms -->
          <step title="Copying file: &apos;runtimes\linux-arm\native\libe_sqlite3.so&apos;" date="2026-02-01T15:19:50.934" /><!-- duration: 0ms -->
          <step title="Copying file: &apos;runtimes\linux-arm64\native\libe_sqlite3.so&apos;" date="2026-02-01T15:19:50.950" /><!-- duration: 16ms -->
          <step title="Copying file: &apos;runtimes\linux-armel\native\libe_sqlite3.so&apos;" date="2026-02-01T15:19:50.981" /><!-- duration: 16ms -->
          <step title="Copying file: &apos;runtimes\linux-mips64\native\libe_sqlite3.so&apos;" date="2026-02-01T15:19:51.012" /><!-- duration: 0ms -->
          <step title="Copying file: &apos;runtimes\linux-musl-arm\native\libe_sqlite3.so&apos;" date="2026-02-01T15:19:51.028" /><!-- duration: 16ms -->
          <step title="Copying file: &apos;runtimes\linux-musl-arm64\native\libe_sqlite3.so&apos;" date="2026-02-01T15:19:51.059" /><!-- duration: 16ms -->
          <step title="Omitting next output lines..." date="2026-02-01T15:19:51.091" /><!-- duration: 0ms -->
          <step title="Finished successfully." date="2026-02-01T15:19:51.309" /><!-- duration: 16ms -->
        </step><!-- duration: 2094ms -->
        <step title="Running post deployment command(s)..." date="2026-02-01T15:19:51.403" /><!-- duration: 16ms -->
        <step title="Triggering recycle (preview mode disabled)." date="2026-02-01T15:19:51.497" /><!-- duration: 0ms -->
        <step title="Ignoring FS watcher based recycle request as this is a classic Windows app." date="2026-02-01T15:19:51.512" /><!-- duration: 16ms -->
        <step title="Deployment successful. DEPLOYMENTINFO: deploymentPath = ZipDeploy. Extract zip. Remote build. , deployer = ZipDeploy, os = windows, sku = Free, siteName = coverlettergen-backend, siteHostName = coverlettergen-backend.azurewebsites.net, deploymentStatus = Success" date="2026-02-01T15:19:51.606" /><!-- duration: 0ms -->
        <step title="Purge deployment items" date="2026-02-01T15:19:51.762" >
          <step title="Remove 03f286fa1, Failed, received at 2/1/2026 3:17:44 PM" date="2026-02-01T15:19:51.841" /><!-- duration: 0ms -->
        </step><!-- duration: 94ms -->
      </step><!-- duration: 3266ms -->
    </step><!-- duration: 3734ms -->
    <step title="Cleaning up temp files" date="2026-02-01T15:19:51.919" /><!-- duration: 16ms -->
    <step title="Skip function trigger and logicapp sync because function is not enabled." date="2026-02-01T15:19:51.950" /><!-- duration: 0ms -->
  </step><!-- duration: 4766ms -->
  <step title="LockFile &apos;C:\home\site\locks\deployments.lock&apos; released" date="2026-02-01T15:19:52.044" /><!-- duration: 0ms -->
  <step title="Deleting shutdown sentinel file" date="2026-02-01T15:19:52.075" SemaphoreCount="8" /><!-- duration: 0ms -->
</step><!-- duration: 4938ms -->
