<step title="Incoming Request" date="2026-02-01T17:31:50.272" instance="c01540" url="/api/zipdeploy?isAsync=true" method="POST" type="request" pid="4128,2,35" Cache-Control="no-cache" Content-Length="30981460" Content-Type="application/octet-stream" Accept="*/*" Accept-Encoding="gzip, deflate" Authorization="Bea..." Host="coverlettergen-backend.scm.azurewebsites.net" User-Agent="AZURECLI/2.76.0 (MSI)" x-ms-client-request-id="df25d83d-ff93-11f0-877e-c85b768a574f" X-ARR-LOG-ID="df25d83d-ff93-11f0-877e-c85b768a574f" CLIENT-IP="182.185.152.21:53842" X-SITE-DEPLOYMENT-ID="coverlettergen-backend" WAS-DEFAULT-HOSTNAME="coverlettergen-backend.scm.azurewebsites.net" X-Forwarded-Proto="https" X-AppService-Proto="https" X-Forwarded-TlsVersion="1.3" X-WAWS-Unencoded-URL="/api/zipdeploy?isAsync=true" >
  <step title="Cleanup Xml Logs" date="2026-02-01T17:31:50.272" /><!-- duration: 16ms -->
  <step title="ZipPushDeploy" date="2026-02-01T17:31:50.303" >
    <step title="ZipDeploy. Extract zip. Remote build. " date="2026-02-01T17:31:50.319" /><!-- duration: 0ms -->
    <step title="Starting PushDeployAsync" date="2026-02-01T17:31:50.334" /><!-- duration: 16ms -->
    <step title="Updating shutdown sentinel last write time" date="2026-02-01T17:31:50.366" SemaphoreCount="7" /><!-- duration: 0ms -->
    <step title="LockFile &apos;C:\home\site\locks\deployments.lock&apos; acquired" date="2026-02-01T17:31:50.397" /><!-- duration: 0ms -->
    <step title="Saving request content to C:\local\Temp\zipdeploy\tg5xa51g.zip" date="2026-02-01T17:31:50.413" >
      <step title="Total 30,981,460 bytes written to C:\local\Temp\zipdeploy\tg5xa51g.zip" date="2026-02-01T17:32:05.636" /><!-- duration: 16ms -->
    </step><!-- duration: 15255ms -->
    <step title="LockFile &apos;C:\home\site\locks\deployments.lock&apos; released" date="2026-02-01T17:32:05.667" /><!-- duration: 16ms -->
    <step title="Deleting shutdown sentinel file" date="2026-02-01T17:32:05.699" SemaphoreCount="8" /><!-- duration: 0ms -->
    <step title="Starting FetchDeploy" date="2026-02-01T17:32:05.715" /><!-- duration: 0ms -->
    <step title="Start deployment in the background" date="2026-02-01T17:32:05.731" /><!-- duration: 141ms -->
  </step><!-- duration: 15568ms -->
  <step title="Outgoing response" date="2026-02-01T17:32:05.887" type="response" statusCode="202" statusText="Accepted" Server="Microsoft-IIS/10.0" x-ms-request-id="df25d83d-ff93-11f0-877e-c85b768a574f" Retry-After="30" Cache-Control="private" X-AspNet-Version="4.0.30319" Location="https://coverlettergen-backend.scm.azurewebsites.net/api/deployments/latest?deployer=ZipDeploy&amp;time=2026-02-01_17-32-05Z" /><!-- duration: 16ms -->
</step><!-- duration: 15631ms -->
