<step title="Incoming Request" date="2026-02-01T17:49:32.454" instance="c01540" url="/api/zipdeploy?isAsync=true" method="POST" type="request" pid="10108,2,12" Cache-Control="no-cache" Content-Length="31002365" Content-Type="application/octet-stream" Accept="*/*" Accept-Encoding="gzip, deflate" Authorization="Bea..." Host="coverlettergen-backend.scm.azurewebsites.net" User-Agent="AZURECLI/2.76.0 (MSI)" x-ms-client-request-id="58ca3b28-ff96-11f0-a1ad-c85b768a574f" X-ARR-LOG-ID="58ca3b28-ff96-11f0-a1ad-c85b768a574f" CLIENT-IP="182.185.152.21:54100" X-SITE-DEPLOYMENT-ID="coverlettergen-backend" WAS-DEFAULT-HOSTNAME="coverlettergen-backend.scm.azurewebsites.net" X-Forwarded-Proto="https" X-AppService-Proto="https" X-Forwarded-TlsVersion="1.3" X-WAWS-Unencoded-URL="/api/zipdeploy?isAsync=true" >
  <step title="Cleanup Xml Logs" date="2026-02-01T17:49:32.470" /><!-- duration: 16ms -->
  <step title="ZipPushDeploy" date="2026-02-01T17:49:32.704" >
    <step title="ZipDeploy. Extract zip. Remote build. " date="2026-02-01T17:49:32.720" /><!-- duration: 0ms -->
    <step title="Starting PushDeployAsync" date="2026-02-01T17:49:32.735" /><!-- duration: 16ms -->
    <step title="Updating shutdown sentinel last write time" date="2026-02-01T17:49:32.782" SemaphoreCount="7" /><!-- duration: 16ms -->
    <step title="LockFile &apos;C:\home\site\locks\deployments.lock&apos; acquired" date="2026-02-01T17:49:32.798" /><!-- duration: 16ms -->
    <step title="Saving request content to C:\local\Temp\zipdeploy\3leyg0uc.zip" date="2026-02-01T17:49:32.814" >
      <step title="Total 31,002,365 bytes written to C:\local\Temp\zipdeploy\3leyg0uc.zip" date="2026-02-01T17:49:55.223" /><!-- duration: 16ms -->
    </step><!-- duration: 22425ms -->
    <step title="LockFile &apos;C:\home\site\locks\deployments.lock&apos; released" date="2026-02-01T17:49:55.254" /><!-- duration: 16ms -->
    <step title="Deleting shutdown sentinel file" date="2026-02-01T17:49:55.285" SemaphoreCount="8" /><!-- duration: 0ms -->
    <step title="Starting FetchDeploy" date="2026-02-01T17:49:55.301" /><!-- duration: 16ms -->
    <step title="Start deployment in the background" date="2026-02-01T17:49:55.332" /><!-- duration: 172ms -->
  </step><!-- duration: 22816ms -->
  <step title="Outgoing response" date="2026-02-01T17:49:55.567" type="response" statusCode="202" statusText="Accepted" Server="Microsoft-IIS/10.0" x-ms-request-id="58ca3b28-ff96-11f0-a1ad-c85b768a574f" Retry-After="30" Cache-Control="private" X-AspNet-Version="4.0.30319" Location="https://coverlettergen-backend.scm.azurewebsites.net/api/deployments/latest?deployer=ZipDeploy&amp;time=2026-02-01_17-49-55Z" /><!-- duration: 0ms -->
</step><!-- duration: 23128ms -->
