﻿<?xml version="1.0" encoding="utf-8"?>
<deployment>
  <id>22102cfc0d9642c591f5be806aa52dc8</id>
  <author>N/A</author>
  <deployer>ZipDeploy</deployer>
  <authorEmail>N/A</authorEmail>
  <message>Created via a push deployment</message>
  <progress></progress>
  <status>Success</status>
  <statusText></statusText>
  <lastSuccessEndTime>2026-02-01T18:10:18.9162981Z</lastSuccessEndTime>
  <receivedTime>2026-02-01T18:10:15.0256377Z</receivedTime>
  <startTime>2026-02-01T18:10:15.2599422Z</startTime>
  <endTime>2026-02-01T18:10:18.9162981Z</endTime>
  <complete>True</complete>
  <is_temp>False</is_temp>
  <is_readonly>True</is_readonly>
  <project_type>BASIC</project_type>
  <vsproject_id></vsproject_id>
</deployment>