﻿<?xml version="1.0" encoding="utf-8"?>
<deployment>
  <id>b2e5af30b4af4b5fb2f45225256347c4</id>
  <author>N/A</author>
  <deployer>ZipDeploy</deployer>
  <authorEmail>N/A</authorEmail>
  <message>Created via a push deployment</message>
  <progress></progress>
  <status>Success</status>
  <statusText></statusText>
  <lastSuccessEndTime>2026-02-01T15:19:51.637921Z</lastSuccessEndTime>
  <receivedTime>2026-02-01T15:19:48.2316748Z</receivedTime>
  <startTime>2026-02-01T15:19:48.4816022Z</startTime>
  <endTime>2026-02-01T15:19:51.637921Z</endTime>
  <complete>True</complete>
  <is_temp>False</is_temp>
  <is_readonly>True</is_readonly>
  <project_type>BASIC</project_type>
  <vsproject_id></vsproject_id>
</deployment>